,Player,Pos,Age,90s,CrdY,CrdR,2CrdY,Fls,Fld,Off,Crs,Int,TklW,PKwon,PKcon,OG,Recov,Won,Lost,Won%,Matches,
0,Emiliano Martínez,GK,29.0,7.7,1,0,0,0,1,0,0,0,0,0.0,0.0,0,4.0,2.0,0.0,100.0,Matches,Argentina
1,Lionel Messi,FW,34.0,7.7,1,0,0,10,22,3,20,0,3,1.0,0.0,0,22.0,2.0,7.0,22.2,Matches,Argentina
2,Nicolás Otamendi,DF,34.0,7.7,2,0,0,13,5,1,0,9,6,0.0,1.0,0,39.0,21.0,13.0,61.8,Matches,Argentina
3,Rodrigo De Paul,MF,28.0,6.7,0,0,0,7,15,0,12,7,6,0.0,0.0,0,42.0,2.0,3.0,40.0,Matches,Argentina
4,Nahuel Molina,DF,24.0,6.3,0,0,0,3,0,1,6,3,4,0.0,0.0,0,23.0,0.0,6.0,0.0,Matches,Argentina
5,Alexis Mac Allister,MF,23.0,6.1,0,0,0,1,13,0,1,3,4,0.0,0.0,0,40.0,5.0,13.0,27.8,Matches,Argentina
6,Cristian Romero,DF,24.0,6.1,2,0,0,12,3,0,0,4,3,0.0,0.0,0,35.0,12.0,8.0,60.0,Matches,Argentina
7,Enzo Fernández,MF,21.0,6.3,1,0,0,7,6,0,2,3,15,0.0,0.0,1,39.0,9.0,3.0,75.0,Matches,Argentina
8,Julián Álvarez,FW,22.0,5.2,0,0,0,13,2,5,3,0,2,1.0,0.0,0,21.0,2.0,9.0,18.2,Matches,Argentina
9,Marcos Acuña,"DF,FW",30.0,4.1,3,0,0,9,9,0,17,2,8,1.0,0.0,0,16.0,5.0,7.0,41.7,Matches,Argentina
10,Ángel Di María,"MF,FW",34.0,3.2,0,0,0,0,7,5,27,1,1,1.0,0.0,0,7.0,0.0,1.0,0.0,Matches,Argentina
11,Nicolás Tagliafico,DF,29.0,4.1,0,0,0,6,6,1,1,9,7,0.0,0.0,0,12.0,4.0,1.0,80.0,Matches,Argentina
12,Lisandro Martínez,DF,24.0,3.4,1,0,0,2,3,0,1,3,2,0.0,0.0,0,6.0,3.0,3.0,50.0,Matches,Argentina
13,Lautaro Martínez,FW,24.0,2.7,0,0,0,1,5,5,0,1,0,0.0,0.0,0,13.0,6.0,6.0,50.0,Matches,Argentina
14,Leandro Paredes,MF,27.0,2.5,2,0,0,6,5,0,0,3,4,1.0,0.0,0,19.0,4.0,0.0,100.0,Matches,Argentina
15,Papu Gómez,"MF,FW",34.0,1.2,0,0,0,1,5,1,1,1,0,0.0,0.0,0,6.0,1.0,0.0,100.0,Matches,Argentina
16,Gonzalo Montiel,"DF,MF",25.0,1.3,3,0,0,4,2,1,3,1,2,0.0,1.0,0,3.0,1.0,2.0,33.3,Matches,Argentina
17,Guido Rodríguez,MF,28.0,0.6,0,0,0,0,0,0,0,0,0,0.0,0.0,0,2.0,1.0,0.0,100.0,Matches,Argentina
18,Germán Pezzella,DF,30.0,0.7,1,0,0,2,2,0,0,0,0,0.0,0.0,0,1.0,0.0,6.0,0.0,Matches,Argentina
19,Exequiel Palacios,"MF,DF",23.0,0.6,0,0,0,2,3,0,0,2,0,0.0,0.0,0,6.0,0.0,1.0,0.0,Matches,Argentina
20,Paulo Dybala,FW,28.0,0.2,0,0,0,1,0,0,0,0,1,0.0,0.0,0,1.0,3.0,1.0,75.0,Matches,Argentina
21,Thiago Almada,MF,21.0,0.1,0,0,0,0,0,0,0,0,0,0.0,0.0,0,0.0,0.0,0.0,,Matches,Argentina
22,Ángel Correa,MF,27.0,0.1,0,0,0,0,1,0,0,0,1,0.0,0.0,0,0.0,0.0,0.0,,Matches,Argentina
23,Juan Foyth,DF,24.0,0.1,0,0,0,0,0,0,0,0,0,0.0,0.0,0,0.0,0.0,0.0,,Matches,Argentina
24,Squad Total,,27.5,7.7,17,0,0,100,115,23,94,52,69,5.0,2.0,1,357.0,83.0,90.0,48.0,,Argentina
25,Opponent Total,,27.5,7.7,26,1,1,118,92,10,115,71,68,1.0,5.0,0,344.0,90.0,83.0,52.0,,Argentina
0,Aurélien Tchouaméni,MF,22.0,6.9,1,0,0,8,10,0,3,14,4,0.0,1.0,0,44.0,5.0,2.0,71.4,Matches,France
1,Kylian Mbappé,FW,23.0,6.6,0,0,0,7,7,6,25,0,0,0.0,0.0,0,20.0,1.0,4.0,20.0,Matches,France
2,Hugo Lloris,GK,35.0,6.3,0,0,0,0,1,0,0,0,0,0.0,0.0,0,5.0,3.0,0.0,100.0,Matches,France
3,Antoine Griezmann,MF,31.0,6.0,1,0,0,3,9,3,40,8,8,0.0,0.0,0,34.0,5.0,4.0,55.6,Matches,France
4,Raphaël Varane,DF,29.0,5.8,0,0,0,1,1,1,1,6,0,0.0,0.0,0,17.0,4.0,5.0,44.4,Matches,France
5,Ousmane Dembélé,FW,25.0,4.8,1,0,0,6,3,2,19,2,6,0.0,1.0,0,26.0,2.0,1.0,66.7,Matches,France
6,Olivier Giroud,FW,35.0,4.7,1,0,0,2,4,3,0,1,0,0.0,0.0,0,7.0,19.0,13.0,59.4,Matches,France
7,Theo Hernández,DF,24.0,5.6,1,0,0,6,13,0,13,4,13,0.0,1.0,0,30.0,8.0,4.0,66.7,Matches,France
8,Adrien Rabiot,MF,27.0,5.4,1,0,0,10,4,0,7,10,9,0.0,0.0,0,30.0,15.0,8.0,65.2,Matches,France
9,Jules Koundé,DF,23.0,5.3,1,0,0,5,2,0,2,5,8,0.0,0.0,0,25.0,5.0,8.0,38.5,Matches,France
10,Dayot Upamecano,DF,23.0,5.3,0,0,0,4,3,0,0,6,7,0.0,1.0,0,33.0,7.0,7.0,50.0,Matches,France
11,Ibrahima Konaté,DF,23.0,3.3,0,0,0,2,4,0,1,7,6,0.0,0.0,0,14.0,5.0,1.0,83.3,Matches,France
12,Youssouf Fofana,MF,23.0,2.5,0,0,0,3,1,0,0,3,5,0.0,0.0,0,17.0,1.0,1.0,50.0,Matches,France
13,Randal Kolo Muani,FW,23.0,2.0,0,0,0,4,5,0,1,1,5,1.0,0.0,0,8.0,9.0,5.0,64.3,Matches,France
14,Kingsley Coman,"FW,MF",26.0,1.9,0,0,0,1,2,0,13,2,2,0.0,0.0,0,12.0,2.0,4.0,33.3,Matches,France
15,Eduardo Camavinga,DF,19.0,1.6,0,0,0,2,8,0,2,3,9,0.0,0.0,0,15.0,2.0,0.0,100.0,Matches,France
16,Axel Disasi,DF,24.0,1.0,0,0,0,0,1,0,2,3,2,0.0,0.0,0,4.0,4.0,0.0,100.0,Matches,France
17,Steve Mandanda,GK,37.0,1.0,0,0,0,0,0,0,0,0,0,0.0,0.0,0,1.0,0.0,0.0,,Matches,France
18,Benjamin Pavard,DF,26.0,1.0,0,0,0,0,0,0,1,1,0,0.0,0.0,0,5.0,0.0,0.0,,Matches,France
19,Mattéo Guendouzi,"FW,MF",23.0,0.9,0,0,0,0,1,0,0,0,1,0.0,0.0,0,4.0,1.0,0.0,100.0,Matches,France
20,Jordan Veretout,MF,29.0,0.7,0,0,0,2,0,0,0,0,0,0.0,0.0,0,1.0,0.0,2.0,0.0,Matches,France
21,Lucas Hernández,DF,26.0,0.1,0,0,0,0,0,0,1,0,1,0.0,0.0,0,1.0,0.0,0.0,,Matches,France
22,Marcus Thuram,"FW,MF",24.0,1.7,1,0,0,3,5,1,1,0,2,0.0,0.0,0,8.0,8.0,9.0,47.1,Matches,France
23,William Saliba,DF,21.0,0.3,0,0,0,0,1,0,0,0,0,0.0,0.0,0,3.0,0.0,0.0,,Matches,France
24,Squad Total,,26.3,7.3,8,0,0,69,85,16,132,76,88,1.0,4.0,0,364.0,106.0,78.0,57.6,,France
25,Opponent Total,,26.8,7.3,15,0,0,89,67,13,111,54,82,3.0,2.0,0,377.0,78.0,106.0,42.4,,France
0,Joško Gvardiol,DF,20.0,7.7,0,0,0,8,6,0,1,11,6,0.0,0.0,0,48.0,3.0,5.0,37.5,Matches,Croatia
1,Dominik Livaković,GK,27.0,7.7,1,0,0,1,0,0,0,0,0,0.0,1.0,0,11.0,1.0,0.0,100.0,Matches,Croatia
2,Ivan Perišić,"FW,DF",33.0,7.4,0,0,0,10,0,3,27,7,4,0.0,0.0,0,31.0,17.0,14.0,54.8,Matches,Croatia
3,Luka Modrić,MF,36.0,7.3,1,0,0,13,15,1,33,10,10,0.0,0.0,0,51.0,3.0,4.0,42.9,Matches,Croatia
4,Mateo Kovačić,MF,28.0,7.1,2,0,0,3,11,0,3,4,17,0.0,0.0,0,46.0,4.0,2.0,66.7,Matches,Croatia
5,Andrej Kramarić,"FW,MF",30.0,5.3,0,0,0,1,4,2,6,0,2,0.0,0.0,0,18.0,0.0,4.0,0.0,Matches,Croatia
6,Josip Juranović,DF,26.0,6.7,0,0,0,1,6,0,24,3,8,0.0,0.0,0,40.0,2.0,4.0,33.3,Matches,Croatia
7,Dejan Lovren,DF,32.0,6.7,1,0,0,2,5,1,3,6,2,0.0,0.0,0,31.0,17.0,6.0,73.9,Matches,Croatia
8,Marcelo Brozović,MF,29.0,6.1,1,0,0,12,11,0,4,4,7,0.0,0.0,0,45.0,6.0,4.0,60.0,Matches,Croatia
9,Borna Sosa,DF,24.0,4.7,0,0,0,4,2,0,21,2,6,0.0,0.0,0,14.0,4.0,4.0,50.0,Matches,Croatia
10,Marko Livaja,FW,28.0,2.7,0,0,0,6,3,1,1,1,2,0.0,0.0,0,10.0,4.0,5.0,44.4,Matches,Croatia
11,Mario Pašalić,"FW,MF",27.0,3.0,0,0,0,4,1,2,1,3,5,0.0,0.0,0,21.0,7.0,7.0,50.0,Matches,Croatia
12,Bruno Petković,FW,27.0,2.6,1,0,0,3,11,0,1,0,4,0.0,0.0,0,9.0,8.0,13.0,38.1,Matches,Croatia
13,Nikola Vlašić,"FW,MF",24.0,2.3,0,0,0,4,6,0,4,1,1,0.0,0.0,0,10.0,2.0,6.0,25.0,Matches,Croatia
14,Mislav Oršić,FW,29.0,1.8,0,0,0,3,0,1,4,0,3,0.0,0.0,0,4.0,0.0,0.0,,Matches,Croatia
15,Lovro Majer,"MF,FW",24.0,1.4,0,0,0,5,3,0,8,0,1,0.0,0.0,0,10.0,0.0,0.0,,Matches,Croatia
16,Borna Barišić,DF,29.0,1.3,1,0,0,5,2,0,11,0,1,0.0,0.0,0,3.0,6.0,2.0,75.0,Matches,Croatia
17,Josip Stanišić,DF,22.0,1.0,0,0,0,1,2,0,1,1,3,0.0,0.0,0,4.0,1.0,0.0,100.0,Matches,Croatia
18,Josip Šutalo,DF,22.0,1.0,0,0,0,0,0,0,0,0,0,0.0,0.0,0,3.0,0.0,3.0,0.0,Matches,Croatia
19,Ante Budimir,FW,30.0,0.6,0,0,0,4,2,0,0,0,1,0.0,0.0,0,0.0,2.0,4.0,33.3,Matches,Croatia
20,Kristijan Jakić,FW,25.0,0.0,0,0,0,0,0,0,0,0,0,0.0,0.0,0,0.0,0.0,0.0,,Matches,Croatia
21,Squad Total,,28.3,7.7,8,0,0,90,90,11,153,53,83,0.0,1.0,0,409.0,87.0,87.0,50.0,,Croatia
22,Opponent Total,,27.5,7.7,11,0,0,93,89,12,124,64,65,1.0,0.0,0,381.0,87.0,87.0,50.0,,Croatia
0,Sofyan Amrabat,MF,25.0,7.3,1,0,0,14,6,1,2,6,10,0.0,0.0,0,57.0,2.0,3.0,40.0,Matches,Morocco
1,Hakim Ziyech,FW,29.0,7.1,0,0,0,12,7,2,30,10,7,0.0,0.0,0,29.0,3.0,6.0,33.3,Matches,Morocco
2,Achraf Hakimi,DF,23.0,7.0,0,0,0,6,13,0,12,9,17,0.0,0.0,0,46.0,5.0,8.0,38.5,Matches,Morocco
3,Youssef En-Nesyri,FW,25.0,6.0,0,0,0,2,4,4,0,1,2,0.0,0.0,0,13.0,21.0,14.0,60.0,Matches,Morocco
4,Sofiane Boufal,FW,28.0,5.3,1,0,0,11,14,2,7,2,5,0.0,0.0,0,20.0,3.0,7.0,30.0,Matches,Morocco
5,Yassine Bounou,GK,31.0,6.3,0,0,0,0,1,0,0,0,0,0.0,0.0,0,7.0,1.0,0.0,100.0,Matches,Morocco
6,Azzedine Ounahi,MF,22.0,6.3,1,0,0,3,13,1,3,7,8,0.0,0.0,0,38.0,1.0,3.0,25.0,Matches,Morocco
7,Romain Saïss,DF,32.0,5.2,1,0,0,4,0,2,1,3,2,0.0,0.0,0,28.0,7.0,0.0,100.0,Matches,Morocco
8,Noussair Mazraoui,DF,24.0,4.1,0,0,0,3,1,1,2,1,9,0.0,0.0,0,21.0,1.0,3.0,25.0,Matches,Morocco
9,Selim Amallah,MF,25.0,4.5,1,0,0,11,8,0,2,8,9,0.0,0.0,0,12.0,2.0,9.0,18.2,Matches,Morocco
10,Nayef Aguerd,DF,26.0,3.9,0,0,0,2,0,1,0,4,2,0.0,0.0,1,18.0,5.0,2.0,71.4,Matches,Morocco
11,Jawad El Yamiq,DF,30.0,3.4,0,0,0,1,4,0,0,5,2,0.0,0.0,0,20.0,6.0,1.0,85.7,Matches,Morocco
12,Yahya Attiat Allah,DF,27.0,3.5,0,0,0,8,3,0,8,0,2,0.0,0.0,0,21.0,0.0,7.0,0.0,Matches,Morocco
13,Achraf Dari,DF,23.0,2.1,1,0,0,2,1,0,0,5,0,0.0,0.0,0,10.0,5.0,5.0,50.0,Matches,Morocco
14,Abdelhamid Sabiri,MF,25.0,2.0,1,0,0,2,3,0,1,5,1,0.0,0.0,0,7.0,2.0,2.0,50.0,Matches,Morocco
15,Munir,GK,33.0,1.0,0,0,0,0,0,0,0,0,0,0.0,0.0,0,1.0,0.0,1.0,0.0,Matches,Morocco
16,Bilal El Khannous,MF,18.0,0.6,0,0,0,0,1,0,0,0,0,0.0,0.0,0,0.0,0.0,1.0,0.0,Matches,Morocco
17,Abdessamad Ezzalzouli,"FW,MF",20.0,1.0,0,0,0,4,0,0,1,0,2,0.0,0.0,0,4.0,1.0,2.0,33.3,Matches,Morocco
18,Zakaria Aboukhlal,"FW,MF",22.0,0.9,0,0,0,1,0,2,1,1,1,0.0,0.0,0,3.0,2.0,0.0,100.0,Matches,Morocco
19,Abderrazak Hamdallah,FW,31.0,0.8,0,0,0,3,2,0,0,0,0,0.0,0.0,0,4.0,1.0,7.0,12.5,Matches,Morocco
20,Walid Cheddira,FW,24.0,0.7,2,1,1,5,0,2,0,0,0,0.0,0.0,0,0.0,2.0,2.0,50.0,Matches,Morocco
21,Badr Banoun,DF,28.0,0.6,0,0,0,2,0,0,0,1,0,0.0,0.0,0,2.0,0.0,1.0,0.0,Matches,Morocco
22,Ilias Chair,MF,24.0,0.5,0,0,0,0,0,0,2,0,0,0.0,0.0,0,2.0,0.0,0.0,,Matches,Morocco
23,Anass Zaroury,FW,21.0,0.3,0,0,0,0,0,1,3,0,0,0.0,0.0,0,3.0,0.0,0.0,,Matches,Morocco
24,Yahya Jabrane,MF,30.0,0.2,0,0,0,0,0,0,0,0,0,,,0,,,,,Matches,Morocco
25,Squad Total,,26.3,7.3,9,1,1,96,81,19,75,68,79,0.0,0.0,1,369.0,70.0,85.0,45.2,,Morocco
26,Opponent Total,,27.2,7.3,7,0,0,82,93,20,140,63,68,0.0,0.0,0,367.0,85.0,70.0,54.8,,Morocco
0,Andries Noppert,GK,28.0,5.3,0,0,0,0,0,0,0,0,0,0.0,0.0,0,4.0,0.0,0.0,,Matches,Netherlands
1,Virgil van Dijk,DF,30.0,5.3,0,0,0,5,2,0,0,4,1,0.0,0.0,0,31.0,13.0,8.0,61.9,Matches,Netherlands
2,Nathan Aké,DF,27.0,5.3,1,0,0,4,6,0,0,8,3,0.0,0.0,0,21.0,10.0,12.0,45.5,Matches,Netherlands
3,Denzel Dumfries,DF,26.0,5.3,2,1,1,17,7,2,8,7,5,0.0,1.0,0,16.0,9.0,10.0,47.4,Matches,Netherlands
4,Frenkie de Jong,MF,25.0,5.3,1,0,0,4,6,0,3,6,5,0.0,0.0,0,30.0,8.0,1.0,88.9,Matches,Netherlands
5,Cody Gakpo,"FW,MF",23.0,5.0,0,0,0,8,5,3,33,3,2,0.0,0.0,0,19.0,5.0,5.0,50.0,Matches,Netherlands
6,Daley Blind,DF,32.0,4.7,0,0,0,3,1,0,6,5,9,0.0,0.0,0,24.0,5.0,7.0,41.7,Matches,Netherlands
7,Jurriën Timber,DF,20.0,4.3,1,0,0,17,4,0,1,10,6,0.0,0.0,0,30.0,4.0,3.0,57.1,Matches,Netherlands
8,Memphis,FW,28.0,3.3,1,0,0,1,5,1,2,1,1,0.0,0.0,0,10.0,2.0,6.0,25.0,Matches,Netherlands
9,Steven Bergwijn,FW,24.0,2.4,1,0,0,2,4,0,0,0,1,0.0,0.0,0,4.0,0.0,0.0,,Matches,Netherlands
10,Davy Klaassen,"MF,FW",29.0,2.1,0,0,0,1,3,0,2,1,2,0.0,0.0,0,14.0,2.0,2.0,50.0,Matches,Netherlands
11,Marten de Roon,MF,31.0,2.0,0,0,0,3,0,0,0,2,5,0.0,0.0,0,8.0,4.0,3.0,57.1,Matches,Netherlands
12,Teun Koopmeiners,MF,24.0,2.4,1,0,0,6,1,0,2,4,5,0.0,0.0,0,12.0,4.0,3.0,57.1,Matches,Netherlands
13,Steven Berghuis,MF,30.0,2.2,1,0,0,4,0,0,13,0,1,0.0,0.0,0,8.0,1.0,2.0,33.3,Matches,Netherlands
14,Matthijs de Ligt,DF,22.0,1.0,1,0,0,4,1,0,0,0,0,0.0,0.0,0,3.0,5.0,2.0,71.4,Matches,Netherlands
15,Vincent Janssen,FW,27.0,1.0,0,0,0,2,2,0,0,0,0,0.0,0.0,0,2.0,1.0,1.0,50.0,Matches,Netherlands
16,Wout Weghorst,FW,29.0,0.7,1,0,0,5,1,1,0,0,0,0.0,0.0,0,2.0,2.0,2.0,50.0,Matches,Netherlands
17,Luuk de Jong,FW,31.0,0.6,0,0,0,1,1,1,0,0,1,0.0,0.0,0,2.0,3.0,3.0,50.0,Matches,Netherlands
18,Xavi Simons,"FW,MF",19.0,0.1,0,0,0,0,1,0,0,0,0,0.0,0.0,0,0.0,1.0,0.0,100.0,Matches,Netherlands
19,Noa Lang,MF,22.0,0.1,1,0,0,0,0,0,1,1,0,0.0,0.0,0,1.0,0.0,0.0,,Matches,Netherlands
20,Kenneth Taylor,MF,20.0,0.1,0,0,0,0,0,0,0,0,0,0.0,0.0,0,0.0,0.0,0.0,,Matches,Netherlands
21,Squad Total,,26.8,5.3,12,1,1,87,50,8,71,52,47,0.0,1.0,0,241.0,79.0,70.0,53.0,,Netherlands
22,Opponent Total,,26.4,5.3,13,0,0,57,84,11,94,48,49,1.0,0.0,0,261.0,70.0,79.0,47.0,,Netherlands
0,Jordan Pickford,GK,28.0,5.0,0,0,0,0,0,0,0,0,0,0.0,0.0,0,4.0,0.0,0.0,,Matches,England
1,John Stones,DF,28.0,4.8,0,0,0,4,3,0,0,1,2,0.0,1.0,0,17.0,6.0,4.0,60.0,Matches,England
2,Harry Maguire,DF,29.0,4.8,1,0,0,6,2,1,1,4,3,0.0,0.0,0,17.0,15.0,5.0,75.0,Matches,England
3,Luke Shaw,DF,26.0,4.7,0,0,0,5,4,0,22,4,1,0.0,0.0,0,21.0,3.0,9.0,25.0,Matches,England
4,Declan Rice,MF,23.0,4.6,0,0,0,3,2,0,4,11,5,0.0,0.0,0,29.0,3.0,3.0,50.0,Matches,England
5,Jude Bellingham,MF,18.0,4.6,0,0,0,5,5,0,4,5,15,0.0,0.0,0,31.0,6.0,9.0,40.0,Matches,England
6,Harry Kane,FW,28.0,4.5,0,0,0,1,9,0,6,0,1,0.0,0.0,0,16.0,9.0,13.0,40.9,Matches,England
7,Bukayo Saka,FW,20.0,3.2,0,0,0,7,6,2,5,2,4,1.0,0.0,0,13.0,1.0,1.0,50.0,Matches,England
8,Jordan Henderson,MF,31.0,3.0,0,0,0,5,4,0,8,1,2,0.0,0.0,0,12.0,2.0,2.0,50.0,Matches,England
9,Phil Foden,"FW,MF",22.0,2.9,0,0,0,2,4,0,14,1,1,0.0,0.0,0,9.0,3.0,5.0,37.5,Matches,England
10,Kyle Walker,DF,32.0,2.6,0,0,0,3,3,0,2,3,1,0.0,0.0,0,10.0,4.0,2.0,66.7,Matches,England
11,Kieran Trippier,DF,31.0,2.3,0,0,0,1,0,0,10,1,4,0.0,0.0,0,11.0,4.0,1.0,80.0,Matches,England
12,Mason Mount,MF,23.0,2.1,0,0,0,7,9,0,3,0,2,1.0,0.0,0,7.0,0.0,3.0,0.0,Matches,England
13,Raheem Sterling,FW,27.0,1.7,0,0,0,0,2,1,2,1,1,0.0,0.0,0,8.0,1.0,1.0,50.0,Matches,England
14,Marcus Rashford,FW,24.0,1.6,0,0,0,1,0,1,1,1,0,0.0,0.0,0,8.0,1.0,3.0,25.0,Matches,England
15,Jack Grealish,FW,26.0,1.0,0,0,0,0,10,0,0,3,1,0.0,0.0,0,6.0,0.0,2.0,0.0,Matches,England
16,Callum Wilson,FW,30.0,0.5,0,0,0,0,2,0,0,0,0,0.0,0.0,0,3.0,1.0,0.0,100.0,Matches,England
17,Kalvin Phillips,MF,26.0,0.5,0,0,0,1,0,0,0,0,0,0.0,0.0,0,1.0,0.0,2.0,0.0,Matches,England
18,Eric Dier,DF,28.0,0.4,0,0,0,1,0,0,0,0,1,0.0,0.0,0,3.0,1.0,1.0,50.0,Matches,England
19,Trent Alexander-Arnold,DF,23.0,0.4,0,0,0,1,0,0,0,0,0,0.0,0.0,0,1.0,0.0,0.0,,Matches,England
20,Squad Total,,26.1,5.0,1,0,0,53,65,5,82,38,44,2.0,1.0,0,227.0,60.0,66.0,47.6,,England
21,Opponent Total,,26.5,5.0,8,0,0,71,53,5,50,37,37,1.0,2.0,0,217.0,66.0,60.0,52.4,,England
0,Marquinhos,DF,28.0,4.7,1,0,0,1,2,0,1,2,4,0.0,0.0,0,28.0,4.0,4.0,50.0,Matches,Brazil
1,Casemiro,MF,30.0,4.3,1,0,0,7,3,0,2,7,4,0.0,0.0,0,22.0,3.0,3.0,50.0,Matches,Brazil
2,Thiago Silva,DF,37.0,4.3,0,0,0,2,3,0,1,5,1,0.0,0.0,0,17.0,6.0,4.0,60.0,Matches,Brazil
3,Alisson,GK,29.0,4.2,0,0,0,0,1,0,0,0,0,0.0,0.0,0,7.0,1.0,0.0,100.0,Matches,Brazil
4,Éder Militão,DF,24.0,3.9,1,0,0,7,3,0,3,3,6,0.0,0.0,0,29.0,4.0,5.0,44.4,Matches,Brazil
5,Richarlison,FW,25.0,3.6,0,0,0,5,6,1,2,1,2,1.0,0.0,0,13.0,4.0,8.0,33.3,Matches,Brazil
6,Raphinha,FW,25.0,3.5,0,0,0,2,5,0,22,3,6,0.0,0.0,0,11.0,0.0,6.0,0.0,Matches,Brazil
7,Lucas Paquetá,MF,24.0,3.5,0,0,0,4,2,0,4,2,5,0.0,0.0,0,13.0,3.0,2.0,60.0,Matches,Brazil
8,Vinicius Júnior,FW,21.0,3.3,0,0,0,0,7,3,12,0,1,0.0,0.0,0,12.0,0.0,0.0,,Matches,Brazil
9,Danilo,DF,30.0,3.1,1,0,0,3,1,0,8,3,2,0.0,0.0,0,17.0,4.0,1.0,80.0,Matches,Brazil
10,Neymar,MF,30.0,3.1,0,0,0,4,16,2,8,1,0,0.0,0.0,0,11.0,0.0,3.0,0.0,Matches,Brazil
11,Alex Sandro,DF,31.0,2.1,0,0,0,3,2,0,4,3,3,0.0,0.0,0,16.0,3.0,1.0,75.0,Matches,Brazil
12,Fred,MF,29.0,1.6,1,0,0,3,0,0,0,0,3,0.0,0.0,0,7.0,0.0,2.0,0.0,Matches,Brazil
13,Rodrygo,"MF,FW",21.0,2.0,0,0,0,3,6,1,9,2,1,0.0,0.0,0,11.0,0.0,3.0,0.0,Matches,Brazil
14,Antony,FW,22.0,1.9,0,0,0,2,5,0,10,1,0,0.0,0.0,0,12.0,1.0,2.0,33.3,Matches,Brazil
15,Dani Alves,DF,39.0,1.3,0,0,0,5,2,0,6,2,4,0.0,0.0,0,9.0,1.0,1.0,50.0,Matches,Brazil
16,Martinelli,FW,20.0,1.3,0,0,0,2,3,1,5,0,1,0.0,0.0,0,5.0,0.0,2.0,0.0,Matches,Brazil
17,Gleison Bremer,DF,25.0,1.2,0,0,0,2,0,0,0,1,1,0.0,0.0,0,9.0,5.0,0.0,100.0,Matches,Brazil
18,Gabriel Jesus,FW,25.0,1.0,0,0,0,1,4,0,1,2,1,0.0,0.0,0,2.0,1.0,1.0,50.0,Matches,Brazil
19,Ederson,GK,28.0,1.0,0,0,0,0,0,0,0,0,0,0.0,0.0,0,2.0,0.0,0.0,,Matches,Brazil
20,Fabinho,MF,28.0,1.0,0,0,0,2,0,0,0,1,2,0.0,0.0,0,9.0,1.0,6.0,14.3,Matches,Brazil
21,Alex Telles,DF,29.0,0.7,0,0,0,1,0,0,3,0,2,0.0,0.0,0,1.0,1.0,1.0,50.0,Matches,Brazil
22,Bruno Guimarães,MF,24.0,0.8,1,0,0,2,2,0,3,0,0,0.0,0.0,0,6.0,1.0,0.0,100.0,Matches,Brazil
23,Pedro,FW,24.0,0.7,0,0,0,2,1,0,0,1,2,0.0,0.0,0,2.0,0.0,1.0,0.0,Matches,Brazil
24,Everton Ribeiro,MF,33.0,0.4,0,0,0,0,0,0,2,0,0,0.0,0.0,0,0.0,0.0,0.0,,Matches,Brazil
25,Wéverton,GK,34.0,0.1,0,0,0,0,0,0,0,0,0,0.0,0.0,0,0.0,0.0,0.0,,Matches,Brazil
26,Squad Total,,27.6,5.3,6,0,0,63,74,8,106,40,51,1.0,0.0,0,271.0,43.0,56.0,43.4,,Brazil
27,Opponent Total,,27.5,5.3,12,1,1,78,60,9,71,45,63,0.0,1.0,0,236.0,56.0,43.0,56.6,,Brazil
0,Diogo Costa,GK,22.0,5.0,0,0,0,0,0,0,0,0,0,0.0,0.0,0,9.0,0.0,1.0,0.0,Matches,Portugal
1,Rúben Dias,DF,25.0,4.0,1,0,0,4,2,0,0,3,4,0.0,0.0,0,15.0,5.0,3.0,62.5,Matches,Portugal
2,Pepe,DF,39.0,4.0,0,0,0,3,5,1,1,6,0,0.0,0.0,0,28.0,9.0,5.0,64.3,Matches,Portugal
3,Bruno Fernandes,"FW,MF",27.0,4.0,1,0,0,2,8,1,26,2,3,0.0,0.0,0,23.0,2.0,8.0,20.0,Matches,Portugal
4,Bernardo Silva,MF,27.0,4.0,0,0,0,1,2,0,5,2,2,0.0,0.0,0,32.0,1.0,2.0,33.3,Matches,Portugal
5,João Félix,FW,22.0,3.7,1,0,0,8,9,1,4,1,2,0.0,0.0,0,9.0,2.0,1.0,66.7,Matches,Portugal
6,Rúben Neves,MF,25.0,3.0,1,0,0,5,2,0,2,3,1,0.0,0.0,0,12.0,2.0,3.0,40.0,Matches,Portugal
7,João Cancelo,DF,28.0,3.4,0,0,0,2,4,1,15,2,3,0.0,0.0,0,24.0,10.0,1.0,90.9,Matches,Portugal
8,Cristiano Ronaldo,FW,37.0,3.2,0,0,0,2,5,7,2,0,0,1.0,0.0,0,6.0,8.0,4.0,66.7,Matches,Portugal
9,Raphaël Guerreiro,DF,28.0,3.1,0,0,0,2,1,0,13,3,2,0.0,0.0,0,17.0,2.0,1.0,66.7,Matches,Portugal
10,Diogo Dalot,DF,23.0,2.9,0,0,0,1,1,0,9,2,6,0.0,0.0,0,13.0,6.0,3.0,66.7,Matches,Portugal
11,Otávio,MF,27.0,2.2,0,0,0,6,10,0,5,1,7,0.0,0.0,0,16.0,1.0,1.0,50.0,Matches,Portugal
12,William Carvalho,MF,30.0,2.4,0,0,0,3,2,0,0,0,5,0.0,0.0,0,15.0,4.0,0.0,100.0,Matches,Portugal
13,Gonçalo Ramos,"FW,MF",20.0,1.7,0,0,0,2,3,3,0,0,1,0.0,0.0,0,2.0,4.0,6.0,40.0,Matches,Portugal
14,Vitinha,MF,22.0,1.3,1,0,0,1,3,0,2,1,2,0.0,0.0,0,4.0,0.0,1.0,0.0,Matches,Portugal
15,Ricardo Horta,FW,27.0,1.3,0,0,0,3,1,0,5,1,1,0.0,0.0,0,6.0,0.0,1.0,0.0,Matches,Portugal
16,Danilo Pereira,DF,30.0,1.0,1,0,0,1,2,0,0,3,2,0.0,0.0,0,4.0,5.0,1.0,83.3,Matches,Portugal
17,António Silva,DF,18.0,1.0,0,0,0,2,0,0,0,1,1,0.0,0.0,0,4.0,2.0,4.0,33.3,Matches,Portugal
18,João Mário,"FW,MF",29.0,0.9,0,0,0,0,0,0,2,0,1,0.0,0.0,0,5.0,0.0,2.0,0.0,Matches,Portugal
19,Matheus Nunes,MF,23.0,0.8,0,0,0,2,2,0,3,0,0,0.0,0.0,0,0.0,0.0,0.0,,Matches,Portugal
20,Nuno Mendes,DF,19.0,0.5,0,0,0,0,2,0,2,2,0,0.0,0.0,0,2.0,1.0,0.0,100.0,Matches,Portugal
21,Rafael Leão,FW,23.0,1.0,0,0,0,3,1,0,6,1,0,0.0,0.0,0,5.0,1.0,0.0,100.0,Matches,Portugal
22,João Palhinha,MF,26.0,0.4,0,0,0,2,0,0,0,1,1,0.0,0.0,0,5.0,0.0,3.0,0.0,Matches,Portugal
23,André Silva,FW,26.0,0.3,0,0,0,0,0,0,0,0,0,0.0,0.0,0,0.0,1.0,2.0,33.3,Matches,Portugal
24,Squad Total,,26.9,5.0,6,0,0,55,65,14,102,35,44,1.0,0.0,0,256.0,66.0,53.0,55.5,,Portugal
25,Opponent Total,,27.3,5.0,13,1,1,69,55,7,63,40,32,0.0,2.0,0,243.0,53.0,66.0,44.5,,Portugal
0,Shūichi Gonda,GK,33.0,4.3,0,0,0,1,0,0,0,0,0,0.0,1.0,0,1.0,1.0,0.0,100.0,Matches,Japan
1,Maya Yoshida,DF,33.0,4.3,1,0,0,3,4,0,0,3,4,0.0,0.0,0,30.0,10.0,7.0,58.8,Matches,Japan
2,Daichi Kamada,"FW,MF",25.0,3.6,0,0,0,1,1,3,5,0,3,0.0,0.0,0,10.0,3.0,2.0,60.0,Matches,Japan
3,Yuto Nagatomo,"MF,DF",35.0,2.3,0,0,0,6,0,0,6,0,2,0.0,0.0,0,11.0,1.0,2.0,33.3,Matches,Japan
4,Junya Ito,"MF,FW",29.0,3.6,0,0,0,0,5,1,14,5,4,0.0,0.0,0,17.0,3.0,6.0,33.3,Matches,Japan
5,Wataru Endo,MF,29.0,3.4,1,0,0,7,9,0,2,3,4,0.0,0.0,0,22.0,8.0,8.0,50.0,Matches,Japan
6,Hidemasa Morita,MF,27.0,3.2,0,0,0,4,1,0,3,3,0,0.0,0.0,0,21.0,5.0,7.0,41.7,Matches,Japan
7,Ko Itakura,DF,25.0,3.0,2,0,0,5,0,0,0,4,5,0.0,0.0,0,13.0,0.0,2.0,0.0,Matches,Japan
8,Daizen Maeda,FW,24.0,2.0,0,0,0,2,3,2,0,3,2,0.0,0.0,0,4.0,1.0,6.0,14.3,Matches,Japan
9,Ritsu Doan,FW,23.0,2.4,0,0,0,3,4,0,9,3,5,0.0,0.0,0,11.0,1.0,4.0,20.0,Matches,Japan
10,Shogo Taniguchi,DF,30.0,2.3,1,0,0,3,0,0,0,1,0,0.0,0.0,0,8.0,8.0,3.0,72.7,Matches,Japan
11,Ao Tanaka,MF,23.0,1.9,0,0,0,1,1,0,2,3,1,0.0,0.0,0,9.0,3.0,1.0,75.0,Matches,Japan
12,Takefusa Kubo,FW,21.0,1.0,0,0,0,2,2,1,0,0,1,0.0,0.0,0,4.0,1.0,1.0,50.0,Matches,Japan
13,Takehiro Tomiyasu,"DF,MF",23.0,2.1,0,0,0,1,0,0,0,0,0,0.0,0.0,0,12.0,6.0,4.0,60.0,Matches,Japan
14,Hiroki Sakai,"MF,DF",32.0,1.3,0,0,0,3,1,0,2,1,4,0.0,0.0,0,6.0,3.0,8.0,27.3,Matches,Japan
15,Yuki Soma,"FW,MF",25.0,0.9,0,0,0,2,3,0,6,0,0,0.0,0.0,0,2.0,0.0,0.0,,Matches,Japan
16,Miki Yamane,"DF,MF",28.0,0.7,1,0,0,2,1,0,2,2,0,0.0,0.0,0,5.0,0.0,1.0,0.0,Matches,Japan
17,Ayase Ueda,FW,23.0,0.5,0,0,0,1,0,0,0,0,0,0.0,0.0,0,3.0,1.0,0.0,100.0,Matches,Japan
18,Takuma Asano,FW,27.0,1.8,0,0,0,4,0,2,1,1,0,0.0,0.0,0,8.0,1.0,9.0,10.0,Matches,Japan
19,Kaoru Mitoma,MF,25.0,1.8,0,0,0,3,1,0,0,2,2,0.0,0.0,0,17.0,2.0,3.0,40.0,Matches,Japan
20,Takumi Minamino,FW,27.0,0.7,0,0,0,1,0,0,3,0,1,0.0,0.0,0,4.0,0.0,2.0,0.0,Matches,Japan
21,Hiroki Ito,DF,23.0,0.5,0,0,0,3,0,0,0,0,0,0.0,0.0,0,2.0,1.0,0.0,100.0,Matches,Japan
22,Squad Total,,28.0,4.3,6,0,0,58,36,9,55,34,38,0.0,1.0,0,220.0,59.0,76.0,43.7,,Japan
23,Opponent Total,,27.6,4.3,5,0,0,37,55,8,88,20,39,1.0,0.0,0,206.0,76.0,59.0,56.3,,Japan
0,Kalidou Koulibaly,DF,30.0,4.0,1,0,0,3,3,0,0,2,9,0.0,0.0,0,28.0,11.0,5.0,68.8,Matches,Senegal
1,Edouard Mendy,GK,30.0,4.0,0,0,0,0,0,0,0,0,0,0.0,0.0,0,4.0,3.0,1.0,75.0,Matches,Senegal
2,Youssouf Sabaly,DF,29.0,4.0,0,0,0,3,12,0,7,4,6,0.0,0.0,0,27.0,4.0,3.0,57.1,Matches,Senegal
3,Ismaila Sarr,"FW,MF",24.0,3.8,0,0,0,3,17,3,8,2,2,1.0,0.0,0,17.0,8.0,8.0,50.0,Matches,Senegal
4,Abdou Diallo,DF,26.0,3.7,0,0,0,3,0,0,3,1,2,0.0,0.0,0,17.0,7.0,6.0,53.8,Matches,Senegal
5,Boulaye Dia,FW,25.0,3.5,1,0,0,3,3,2,1,1,0,0.0,0.0,0,7.0,5.0,7.0,41.7,Matches,Senegal
6,Ismail Jakobs,DF,22.0,3.1,1,0,0,3,6,0,18,4,0,0.0,0.0,0,9.0,8.0,3.0,72.7,Matches,Senegal
7,Nampalys Mendy,MF,29.0,3.0,1,0,0,5,2,0,2,3,4,0.0,0.0,0,18.0,0.0,1.0,0.0,Matches,Senegal
8,Idrissa Gana Gueye,MF,32.0,3.0,2,0,0,4,1,0,15,5,1,0.0,0.0,0,15.0,2.0,3.0,40.0,Matches,Senegal
9,Krépin Diatta,"FW,MF",23.0,2.0,0,0,0,4,2,2,4,0,0,0.0,0.0,0,11.0,2.0,1.0,66.7,Matches,Senegal
10,Pathé Ciss,MF,28.0,1.6,1,0,0,4,0,0,0,2,3,0.0,0.0,0,10.0,5.0,0.0,100.0,Matches,Senegal
11,Iliman Ndiaye,"FW,MF",22.0,1.5,0,0,0,0,1,0,2,1,0,0.0,0.0,0,4.0,0.0,3.0,0.0,Matches,Senegal
12,Pape Gueye,MF,23.0,1.7,0,0,0,3,3,0,1,2,2,0.0,0.0,0,5.0,5.0,3.0,62.5,Matches,Senegal
13,Pape Abou Cissé,DF,26.0,1.2,0,0,0,1,0,0,0,2,0,0.0,0.0,0,2.0,2.0,3.0,40.0,Matches,Senegal
14,Famara Diedhiou,FW,29.0,1.0,0,0,0,2,2,1,0,0,0,0.0,0.0,0,3.0,5.0,4.0,55.6,Matches,Senegal
15,Cheikhou Kouyaté,MF,32.0,0.8,0,0,0,1,1,0,2,2,0,0.0,0.0,0,5.0,1.0,2.0,33.3,Matches,Senegal
16,Bamba Dieng,FW,22.0,1.1,0,0,0,5,3,0,1,0,1,0.0,0.0,0,4.0,2.0,8.0,20.0,Matches,Senegal
17,Pape Matar Sarr,MF,19.0,0.7,0,0,0,0,1,0,5,0,2,0.0,0.0,0,3.0,1.0,0.0,100.0,Matches,Senegal
18,Nicolas Jackson,FW,20.0,0.2,0,0,0,1,0,0,0,0,0,0.0,0.0,0,3.0,0.0,2.0,0.0,Matches,Senegal
19,Fodé Ballo-Touré,DF,25.0,0.1,0,0,0,0,0,0,2,0,0,0.0,0.0,0,0.0,1.0,0.0,100.0,Matches,Senegal
20,Squad Total,,26.9,4.0,7,0,0,48,57,8,71,31,32,1.0,0.0,0,192.0,72.0,63.0,53.3,,Senegal
21,Opponent Total,,26.5,4.0,4,0,0,59,43,5,81,32,41,0.0,1.0,0,175.0,63.0,72.0,46.7,,Senegal
0,Aziz Behich,DF,31.0,4.0,1,0,0,3,3,0,5,3,3,0.0,0.0,0,22.0,2.0,2.0,50.0,Matches,Australia
1,Aaron Mooy,MF,31.0,4.0,1,0,0,4,1,0,10,3,6,0.0,0.0,0,35.0,2.0,3.0,40.0,Matches,Australia
2,Kye Rowles,DF,23.0,4.0,0,0,0,1,2,0,0,7,2,0.0,0.0,0,12.0,4.0,2.0,66.7,Matches,Australia
3,Mathew Ryan,GK,30.0,4.0,0,0,0,0,1,0,0,0,0,0.0,0.0,0,4.0,0.0,0.0,,Matches,Australia
4,Harry Souttar,DF,23.0,4.0,0,0,0,1,1,0,0,6,0,0.0,0.0,0,17.0,14.0,7.0,66.7,Matches,Australia
5,Jackson Irvine,"MF,FW",29.0,3.9,2,0,0,7,2,0,2,3,2,0.0,0.0,0,11.0,9.0,7.0,56.3,Matches,Australia
6,Mathew Leckie,"MF,FW",31.0,3.7,0,0,0,8,6,0,4,1,4,0.0,0.0,0,15.0,14.0,10.0,58.3,Matches,Australia
7,Mitchell Duke,FW,31.0,3.0,1,0,0,6,3,1,1,2,0,0.0,0.0,0,11.0,11.0,12.0,47.8,Matches,Australia
8,Riley McGree,"FW,MF",23.0,2.9,0,0,0,9,2,0,5,5,1,0.0,0.0,0,11.0,1.0,2.0,33.3,Matches,Australia
9,Craig Goodwin,MF,30.0,2.6,0,0,0,1,2,0,18,0,3,0.0,0.0,0,14.0,1.0,5.0,16.7,Matches,Australia
10,Miloš Degenek,DF,28.0,2.0,2,0,0,2,8,0,1,1,4,0.0,0.0,0,15.0,6.0,1.0,85.7,Matches,Australia
11,Keanu Baccus,MF,24.0,1.3,0,0,0,4,1,0,0,2,1,0.0,0.0,0,11.0,1.0,3.0,25.0,Matches,Australia
12,Fran Karačić,DF,26.0,1.0,0,0,0,3,0,0,5,2,1,0.0,0.0,0,9.0,4.0,4.0,50.0,Matches,Australia
13,Nathaniel Atkinson,DF,23.0,0.9,0,0,0,0,0,0,0,1,3,0.0,0.0,0,6.0,0.0,0.0,,Matches,Australia
14,Ajdin Hrustic,"MF,FW",25.0,0.7,0,0,0,1,2,0,1,1,0,0.0,0.0,0,3.0,0.0,2.0,0.0,Matches,Australia
15,Jamie Maclaren,FW,28.0,0.6,0,0,0,1,0,0,2,1,0,0.0,0.0,0,1.0,1.0,4.0,20.0,Matches,Australia
16,Garang Kuol,"FW,MF",17.0,0.4,0,0,0,1,0,0,0,1,0,0.0,0.0,0,0.0,1.0,2.0,33.3,Matches,Australia
17,Jason Cummings,FW,26.0,0.4,0,0,0,0,0,0,0,0,0,0.0,0.0,0,1.0,0.0,1.0,0.0,Matches,Australia
18,Awer Mabil,MF,26.0,0.3,0,0,0,0,0,0,0,1,0,0.0,0.0,0,2.0,0.0,2.0,0.0,Matches,Australia
19,Bailey Wright,DF,29.0,0.2,0,0,0,0,0,0,0,0,0,0.0,0.0,0,0.0,1.0,3.0,25.0,Matches,Australia
20,Squad Total,,27.8,4.0,7,0,0,52,34,1,54,40,30,0.0,0.0,0,200.0,72.0,72.0,50.0,,Australia
21,Opponent Total,,27.0,4.0,4,0,0,39,48,9,83,34,35,0.0,0.0,1,237.0,72.0,72.0,50.0,,Australia
0,Manuel Akanji,DF,26.0,4.0,1,0,0,4,1,0,1,3,2,0.0,0.0,0,18.0,9.0,2.0,81.8,Matches,Switzerland
1,Granit Xhaka,MF,29.0,4.0,1,0,0,5,4,0,0,2,4,0.0,0.0,0,21.0,7.0,5.0,58.3,Matches,Switzerland
2,Ricardo Rodríguez,DF,29.0,4.0,0,0,0,6,2,0,12,0,2,0.0,0.0,0,16.0,10.0,2.0,83.3,Matches,Switzerland
3,Breel Embolo,FW,25.0,3.6,0,0,0,3,12,2,0,0,0,0.0,0.0,0,6.0,2.0,8.0,20.0,Matches,Switzerland
4,Remo Freuler,MF,30.0,3.6,0,0,0,6,2,0,0,3,5,0.0,0.0,0,19.0,1.0,4.0,20.0,Matches,Switzerland
5,Ruben Vargas,FW,23.0,3.2,1,0,0,4,2,1,15,1,0,0.0,0.0,0,11.0,3.0,6.0,33.3,Matches,Switzerland
6,Djibril Sow,MF,25.0,2.9,0,0,0,2,7,0,1,2,1,0.0,0.0,0,9.0,1.0,2.0,33.3,Matches,Switzerland
7,Yann Sommer,GK,33.0,3.0,0,0,0,0,0,0,0,0,0,0.0,0.0,0,5.0,0.0,1.0,0.0,Matches,Switzerland
8,Silvan Widmer,DF,29.0,2.9,1,0,0,4,2,0,2,2,6,0.0,0.0,0,13.0,3.0,1.0,75.0,Matches,Switzerland
9,Xherdan Shaqiri,"FW,MF",30.0,2.5,0,0,0,2,6,0,15,0,0,0.0,0.0,0,6.0,1.0,4.0,20.0,Matches,Switzerland
10,Nico Elvedi,DF,25.0,2.0,1,0,0,3,1,0,0,1,0,0.0,0.0,0,15.0,2.0,3.0,40.0,Matches,Switzerland
11,Fabian Schär,DF,30.0,1.5,2,0,0,1,2,0,0,2,1,0.0,0.0,0,7.0,4.0,4.0,50.0,Matches,Switzerland
12,Edimilson Fernandes,"FW,DF",26.0,1.6,0,0,0,1,1,1,5,2,1,0.0,0.0,0,14.0,0.0,1.0,0.0,Matches,Switzerland
13,Gregor Kobel,GK,24.0,1.0,0,0,0,0,0,0,0,0,0,0.0,0.0,0,2.0,0.0,0.0,,Matches,Switzerland
14,Fabian Rieder,FW,20.0,0.8,1,0,0,4,2,0,1,0,2,0.0,0.0,0,4.0,0.0,1.0,0.0,Matches,Switzerland
15,Haris Seferović,FW,30.0,0.8,0,0,0,1,0,0,0,0,0,0.0,0.0,0,1.0,0.0,1.0,0.0,Matches,Switzerland
16,Denis Zakaria,MF,25.0,0.7,0,0,0,1,2,0,0,3,0,0.0,0.0,0,5.0,1.0,2.0,33.3,Matches,Switzerland
17,Eray Cömert,DF,24.0,0.5,1,0,0,3,1,0,0,2,0,0.0,0.0,0,4.0,0.0,0.0,,Matches,Switzerland
18,Noah Okafor,"FW,MF",22.0,0.5,0,0,0,2,1,1,0,0,0,0.0,0.0,0,4.0,0.0,0.0,,Matches,Switzerland
19,Renato Steffen,FW,30.0,0.4,0,0,0,0,1,1,0,0,0,0.0,0.0,0,5.0,0.0,1.0,0.0,Matches,Switzerland
20,Fabian Frei,MF,33.0,0.3,0,0,0,1,0,0,0,1,1,0.0,0.0,0,2.0,0.0,1.0,0.0,Matches,Switzerland
21,Michel Aebischer,"MF,FW",25.0,0.2,0,0,0,0,0,0,0,0,0,0.0,0.0,0,0.0,1.0,0.0,100.0,Matches,Switzerland
22,Christian Fassnacht,FW,28.0,0.1,0,0,0,0,0,0,0,0,0,0.0,0.0,0,2.0,0.0,0.0,,Matches,Switzerland
23,Ardon Jasari,FW,19.0,0.0,0,0,0,0,0,0,0,0,0,0.0,0.0,0,1.0,0.0,0.0,,Matches,Switzerland
24,Squad Total,,27.6,4.0,9,0,0,53,49,6,52,24,25,0.0,0.0,0,190.0,45.0,49.0,47.9,,Switzerland
25,Opponent Total,,26.8,4.0,9,0,0,50,52,8,84,35,34,0.0,0.0,0,215.0,49.0,45.0,52.1,,Switzerland
0,Rodri,DF,25.0,4.3,0,0,0,5,1,0,2,3,2,0.0,0.0,0,35.0,16.0,5.0,76.2,Matches,Spain
1,Unai Simón,GK,25.0,4.3,0,0,0,0,0,0,0,0,0,0.0,0.0,0,11.0,2.0,0.0,100.0,Matches,Spain
2,Dani Olmo,FW,24.0,4.1,0,0,0,5,6,2,10,1,3,0.0,0.0,0,15.0,0.0,4.0,0.0,Matches,Spain
3,Sergio Busquets,MF,33.0,4.0,1,0,0,3,3,0,0,1,4,0.0,0.0,0,28.0,8.0,5.0,61.5,Matches,Spain
4,Pedri,MF,19.0,4.0,0,0,0,2,3,0,2,4,2,0.0,0.0,0,27.0,2.0,0.0,100.0,Matches,Spain
5,Gavi,MF,17.0,3.2,0,0,0,9,14,0,4,1,4,0.0,0.0,0,7.0,2.0,5.0,28.6,Matches,Spain
6,Aymeric Laporte,DF,28.0,3.3,1,0,0,3,2,0,0,3,0,0.0,0.0,0,17.0,5.0,3.0,62.5,Matches,Spain
7,Jordi Alba,DF,33.0,2.9,0,0,0,4,3,1,14,3,4,1.0,0.0,0,20.0,0.0,2.0,0.0,Matches,Spain
8,Marco Asensio,FW,26.0,2.5,0,0,0,3,3,0,8,0,1,0.0,0.0,0,3.0,0.0,2.0,0.0,Matches,Spain
9,Ferrán Torres,FW,22.0,2.4,0,0,0,1,5,2,9,0,0,0.0,0.0,0,8.0,0.0,3.0,0.0,Matches,Spain
10,César Azpilicueta,DF,32.0,1.5,0,0,0,2,0,0,3,1,0,0.0,0.0,0,5.0,2.0,2.0,50.0,Matches,Spain
11,Álvaro Morata,FW,29.0,2.1,0,0,0,1,2,5,0,0,1,0.0,0.0,0,2.0,1.0,0.0,100.0,Matches,Spain
12,Nico Williams,FW,19.0,1.6,0,0,0,0,1,1,6,0,2,0.0,0.0,0,7.0,1.0,2.0,33.3,Matches,Spain
13,Dani Carvajal,DF,30.0,1.5,0,0,0,0,1,0,0,2,1,0.0,0.0,0,9.0,0.0,1.0,0.0,Matches,Spain
14,Alejandro Balde,DF,18.0,1.4,0,0,0,2,1,0,2,0,6,0.0,0.0,0,10.0,0.0,2.0,0.0,Matches,Spain
15,Marcos Llorente,DF,27.0,1.3,0,0,0,0,0,0,2,0,0,0.0,0.0,0,9.0,0.0,1.0,0.0,Matches,Spain
16,Pau Torres,DF,25.0,1.0,0,0,0,1,0,0,0,0,0,0.0,0.0,0,6.0,1.0,1.0,50.0,Matches,Spain
17,Carlos Soler,MF,25.0,1.0,0,0,0,0,1,0,3,0,0,0.0,0.0,0,3.0,0.0,1.0,0.0,Matches,Spain
18,Koke,MF,30.0,0.6,0,0,0,0,0,0,0,0,1,0.0,0.0,0,2.0,0.0,0.0,,Matches,Spain
19,Ansu Fati,FW,19.0,0.5,0,0,0,0,0,0,1,0,1,0.0,0.0,0,1.0,1.0,0.0,100.0,Matches,Spain
20,Pablo Sarabia,FW,30.0,0.0,0,0,0,0,0,0,3,0,0,0.0,0.0,0,0.0,0.0,0.0,,Matches,Spain
21,Squad Total,,25.5,4.3,2,0,0,41,46,11,69,19,32,1.0,0.0,0,225.0,41.0,39.0,51.3,,Spain
22,Opponent Total,,27.5,4.3,9,0,0,47,39,19,28,52,52,0.0,1.0,0,218.0,39.0,41.0,48.8,,Spain
0,Tyler Adams,MF,23.0,4.0,1,0,0,5,5,0,2,4,9,0.0,0.0,0,33.0,5.0,2.0,71.4,Matches,United
1,Tim Ream,DF,34.0,4.0,1,0,0,1,2,0,0,4,3,0.0,0.0,0,19.0,6.0,8.0,42.9,Matches,United
2,Matt Turner,GK,27.0,4.0,0,0,0,0,4,0,0,0,0,0.0,0.0,0,7.0,0.0,0.0,,Matches,United
3,Antonee Robinson,DF,24.0,4.0,0,0,0,2,0,1,21,7,4,0.0,0.0,0,40.0,5.0,3.0,62.5,Matches,United
4,Yunus Musah,MF,19.0,3.8,0,0,0,9,3,0,8,2,6,0.0,0.0,0,23.0,3.0,3.0,50.0,Matches,United
5,Timothy Weah,FW,22.0,3.5,0,0,0,1,1,2,8,0,0,0.0,0.0,0,10.0,2.0,3.0,40.0,Matches,United
6,Christian Pulisic,"FW,MF",23.0,3.5,0,0,0,2,11,1,31,0,0,0.0,0.0,0,11.0,2.0,4.0,33.3,Matches,United
7,Sergiño Dest,DF,21.0,3.4,1,0,0,4,2,0,9,2,2,0.0,0.0,0,13.0,1.0,3.0,25.0,Matches,United
8,Weston McKennie,MF,23.0,3.0,1,0,0,6,2,0,1,0,1,0.0,0.0,0,14.0,3.0,3.0,50.0,Matches,United
9,Walker Zimmerman,DF,29.0,3.1,0,0,0,3,0,0,0,4,2,0.0,1.0,0,17.0,8.0,5.0,61.5,Matches,United
10,Josh Sargent,FW,22.0,1.7,0,0,0,2,0,0,1,1,0,0.0,0.0,0,1.0,3.0,6.0,33.3,Matches,United
11,Haji Wright,FW,24.0,1.5,0,0,0,1,3,1,1,0,0,0.0,0.0,0,4.0,6.0,7.0,46.2,Matches,United
12,Cameron Carter-Vickers,DF,24.0,1.0,0,0,0,0,1,0,0,0,0,0.0,0.0,0,4.0,4.0,4.0,50.0,Matches,United
13,Jesús Ferreira,FW,21.0,0.5,0,0,0,0,1,0,0,0,0,0.0,0.0,0,1.0,0.0,0.0,,Matches,United
14,Brenden Aaronson,MF,21.0,1.2,0,0,0,3,3,0,3,1,2,0.0,0.0,0,9.0,0.0,1.0,0.0,Matches,United
15,Gio Reyna,FW,19.0,0.6,0,0,0,0,2,0,2,0,0,0.0,0.0,0,1.0,2.0,0.0,100.0,Matches,United
16,Kellyn Acosta,MF,26.0,0.5,1,0,0,1,0,0,0,0,2,0.0,0.0,0,2.0,1.0,0.0,100.0,Matches,United
17,DeAndre Yedlin,DF,28.0,0.4,0,0,0,2,0,0,4,0,1,0.0,0.0,0,1.0,1.0,0.0,100.0,Matches,United
18,Shaquell Moore,DF,25.0,0.2,0,0,0,3,0,0,0,0,2,0.0,0.0,0,2.0,1.0,0.0,100.0,Matches,United
19,Jordan Morris,"FW,DF",27.0,0.0,0,0,0,0,0,0,2,0,0,0.0,0.0,0,0.0,0.0,1.0,0.0,Matches,United
20,Squad Total,,24.5,4.0,5,0,0,45,40,5,93,25,34,0.0,1.0,0,212.0,53.0,53.0,50.0,,United
21,Opponent Total,,27.0,4.0,7,0,0,43,40,4,52,41,42,1.0,0.0,0,213.0,53.0,53.0,50.0,,United
0,Matty Cash,DF,24.0,4.0,2,0,0,7,3,0,9,0,3,0.0,0.0,0,10.0,2.0,1.0,66.7,Matches,Poland
1,Kamil Glik,DF,34.0,4.0,0,0,0,2,0,0,0,3,1,0.0,0.0,0,11.0,4.0,3.0,57.1,Matches,Poland
2,Robert Lewandowski,FW,33.0,4.0,0,0,0,6,9,0,3,1,2,1.0,0.0,0,14.0,16.0,17.0,48.5,Matches,Poland
3,Wojciech Szczęsny,GK,32.0,4.0,0,0,0,1,1,0,0,0,0,0.0,1.0,0,4.0,2.0,0.0,100.0,Matches,Poland
4,Jakub Kiwior,DF,22.0,3.9,1,0,0,1,0,0,0,4,1,0.0,0.0,0,11.0,3.0,4.0,42.9,Matches,Poland
5,Bartosz Bereszyński,DF,29.0,3.8,1,0,0,5,3,0,4,2,2,0.0,0.0,0,15.0,4.0,2.0,66.7,Matches,Poland
6,Grzegorz Krychowiak,MF,32.0,3.7,1,0,0,6,7,0,1,5,4,0.0,0.0,0,23.0,4.0,3.0,57.1,Matches,Poland
7,Piotr Zieliński,"MF,FW",28.0,3.6,0,0,0,4,2,0,16,1,5,0.0,0.0,0,17.0,0.0,2.0,0.0,Matches,Poland
8,Przemysław Frankowski,MF,27.0,2.7,1,0,0,1,5,0,8,3,4,0.0,0.0,0,12.0,1.0,1.0,50.0,Matches,Poland
9,Jakub Kamiński,MF,20.0,2.6,0,0,0,5,2,0,4,0,1,0.0,0.0,0,17.0,0.0,5.0,0.0,Matches,Poland
10,Krystian Bielik,MF,24.0,2.4,0,0,0,5,4,0,0,5,3,0.0,1.0,0,10.0,6.0,4.0,60.0,Matches,Poland
11,Sebastian Szymański,MF,23.0,1.5,0,0,0,1,3,0,3,2,3,0.0,0.0,0,6.0,1.0,5.0,16.7,Matches,Poland
12,Arkadiusz Milik,"FW,MF",28.0,1.1,1,0,0,1,2,1,0,0,0,0.0,0.0,0,3.0,4.0,5.0,44.4,Matches,Poland
13,Nicola Zalewski,MF,20.0,0.7,0,0,0,1,2,0,1,0,0,0.0,0.0,0,5.0,0.0,1.0,0.0,Matches,Poland
14,Karol Świderski,FW,25.0,0.5,0,0,0,0,1,0,0,2,1,0.0,0.0,0,3.0,1.0,1.0,50.0,Matches,Poland
15,Michał Skóraś,MF,22.0,0.5,0,0,0,1,2,0,0,1,0,0.0,0.0,0,1.0,1.0,0.0,100.0,Matches,Poland
16,Damian Szymański,MF,26.0,0.3,0,0,0,0,0,0,0,1,0,0.0,0.0,0,0.0,0.0,0.0,,Matches,Poland
17,Krzysztof Piątek,FW,26.0,0.3,0,0,0,0,1,0,0,0,0,0.0,0.0,0,1.0,2.0,6.0,25.0,Matches,Poland
18,Artur Jędrzejczyk,DF,34.0,0.2,0,0,0,0,0,0,0,0,0,0.0,0.0,0,0.0,0.0,0.0,,Matches,Poland
19,Jan Bednarek,DF,26.0,0.1,0,0,0,0,0,0,0,0,0,0.0,0.0,0,1.0,0.0,0.0,,Matches,Poland
20,Kamil Grosicki,MF,34.0,0.0,0,0,0,0,0,0,3,0,0,0.0,0.0,0,0.0,0.0,0.0,,Matches,Poland
21,Squad Total,,27.8,4.0,7,0,0,47,47,1,52,30,30,1.0,2.0,0,164.0,51.0,60.0,45.9,,Poland
22,Opponent Total,,27.5,4.0,6,0,0,50,44,7,96,28,34,2.0,2.0,0,193.0,60.0,51.0,54.1,,Poland
0,Son Heung-min,"FW,MF",29.0,4.0,0,0,0,1,6,2,21,2,2,0.0,0.0,0,16.0,0.0,2.0,0.0,Matches,Korea
1,Kim Moonhwan,DF,26.0,4.0,0,0,0,1,0,0,15,4,4,0.0,0.0,0,16.0,6.0,3.0,66.7,Matches,Korea
2,Kim Seung-gyu,GK,31.0,4.0,0,0,0,0,0,0,0,2,0,0.0,0.0,0,5.0,0.0,2.0,0.0,Matches,Korea
3,Kim Young-gwon,DF,32.0,3.9,1,0,0,1,2,0,1,3,2,0.0,0.0,0,13.0,6.0,2.0,75.0,Matches,Korea
4,Hwang In-beom,MF,25.0,3.7,0,0,0,7,3,0,6,3,3,0.0,0.0,0,22.0,2.0,5.0,28.6,Matches,Korea
5,Kim Jin-su,DF,30.0,3.5,0,0,0,1,6,1,16,3,5,0.0,0.0,0,12.0,10.0,4.0,71.4,Matches,Korea
6,Jung Woo-young,MF,32.0,3.4,2,0,0,11,0,0,1,3,4,0.0,1.0,0,24.0,6.0,2.0,75.0,Matches,Korea
7,Cho Guesung,FW,24.0,3.1,1,0,0,7,6,4,1,0,0,0.0,0.0,0,4.0,21.0,12.0,63.6,Matches,Korea
8,Kim Min-jae,DF,25.0,3.0,0,0,0,0,0,0,1,2,1,0.0,0.0,0,14.0,10.0,1.0,90.9,Matches,Korea
9,Lee Jae-sung,"MF,FW",29.0,2.3,0,0,0,2,1,0,1,3,2,0.0,0.0,0,7.0,3.0,4.0,42.9,Matches,Korea
10,Lee Kangin,"MF,FW",21.0,1.6,1,0,0,2,4,0,12,0,3,0.0,0.0,0,6.0,0.0,1.0,0.0,Matches,Korea
11,Na Sang-ho,FW,25.0,1.3,0,0,0,2,0,0,8,0,1,0.0,0.0,0,5.0,3.0,3.0,50.0,Matches,Korea
12,Hwang Hee-chan,"MF,FW",26.0,1.3,1,0,0,3,3,0,3,0,1,0.0,0.0,0,7.0,0.0,1.0,0.0,Matches,Korea
13,Hwang Ui-jo,"FW,MF",29.0,1.2,0,0,0,0,0,0,0,0,0,0.0,0.0,0,3.0,1.0,12.0,7.7,Matches,Korea
14,Kwon Kyung-won,DF,30.0,1.0,0,0,0,0,3,0,0,2,0,0.0,0.0,0,2.0,2.0,2.0,50.0,Matches,Korea
15,Kwon Chang-hoon,"FW,MF",27.0,0.6,0,0,0,0,0,0,3,0,0,0.0,0.0,0,3.0,0.0,2.0,0.0,Matches,Korea
16,Jeong Woo-yeong,MF,22.0,0.5,0,0,0,1,0,0,1,0,0,0.0,0.0,0,1.0,0.0,0.0,,Matches,Korea
17,Son Jun-ho,"MF,DF",30.0,0.8,0,0,0,5,0,0,0,3,3,0.0,0.0,0,9.0,0.0,1.0,0.0,Matches,Korea
18,Hong Chul,DF,31.0,0.5,0,0,0,0,0,0,2,1,0,0.0,0.0,0,2.0,1.0,0.0,100.0,Matches,Korea
19,Paik Seung-ho,MF,25.0,0.3,0,0,0,1,0,0,0,0,2,0.0,0.0,0,4.0,1.0,0.0,100.0,Matches,Korea
20,Cho Yumin,FW,25.0,0.0,0,0,0,0,0,0,0,0,0,0.0,0.0,0,0.0,0.0,0.0,,Matches,Korea
21,Squad Total,,28.2,4.0,6,0,0,45,34,7,92,31,33,0.0,1.0,0,175.0,72.0,59.0,55.0,,Korea
22,Opponent Total,,27.0,4.0,3,0,0,34,44,7,59,34,38,1.0,0.0,0,183.0,59.0,72.0,45.0,,Korea
0,Joshua Kimmich,"MF,DF",27.0,3.0,1,0,0,2,2,0,21,3,2,0.0,0.0,0,19.0,4.0,1.0,80.0,Matches,Germany
1,Manuel Neuer,GK,36.0,3.0,0,0,0,0,0,0,0,0,0,0.0,0.0,0,4.0,0.0,0.0,,Matches,Germany
2,Antonio Rüdiger,DF,29.0,3.0,0,0,0,0,3,1,0,0,1,0.0,0.0,0,20.0,6.0,1.0,85.7,Matches,Germany
3,Niklas Süle,DF,26.0,3.0,0,0,0,0,2,0,1,0,4,0.0,0.0,0,17.0,6.0,3.0,66.7,Matches,Germany
4,Serge Gnabry,"FW,MF",26.0,2.9,0,0,0,2,2,3,7,2,2,0.0,0.0,0,11.0,0.0,2.0,0.0,Matches,Germany
5,Jamal Musiala,"MF,FW",19.0,2.9,0,0,0,1,6,1,1,1,1,0.0,0.0,0,19.0,1.0,2.0,33.3,Matches,Germany
6,David Raum,DF,24.0,2.7,0,0,0,5,3,1,24,7,3,1.0,0.0,0,12.0,5.0,3.0,62.5,Matches,Germany
7,Thomas Müller,"FW,MF",32.0,2.2,0,0,0,0,1,2,5,1,2,0.0,0.0,0,1.0,1.0,7.0,12.5,Matches,Germany
8,İlkay Gündoğan,MF,31.0,2.1,0,0,0,3,2,1,1,1,1,0.0,0.0,0,18.0,3.0,2.0,60.0,Matches,Germany
9,Leon Goretzka,MF,27.0,1.8,1,0,0,4,3,0,1,1,3,0.0,0.0,0,12.0,3.0,2.0,60.0,Matches,Germany
10,Leroy Sané,"FW,DF",26.0,1.2,0,0,0,0,0,0,2,0,1,0.0,0.0,0,6.0,1.0,1.0,50.0,Matches,Germany
11,Kai Havertz,FW,23.0,1.1,0,0,0,3,0,3,2,1,1,0.0,0.0,0,3.0,0.0,2.0,0.0,Matches,Germany
12,Nico Schlotterbeck,DF,22.0,1.0,0,0,0,1,1,0,0,1,3,0.0,0.0,0,10.0,2.0,0.0,100.0,Matches,Germany
13,Thilo Kehrer,DF,25.0,0.8,1,0,0,3,0,0,0,3,2,0.0,0.0,0,3.0,0.0,0.0,,Matches,Germany
14,Niclas Füllkrug,FW,29.0,0.8,0,0,0,0,1,0,0,0,0,0.0,0.0,0,2.0,4.0,5.0,44.4,Matches,Germany
15,Lukas Klostermann,DF,26.0,0.7,0,0,0,1,0,0,0,0,1,0.0,0.0,0,6.0,0.0,0.0,,Matches,Germany
16,Mario Götze,MF,30.0,0.4,0,0,0,0,1,0,2,0,0,0.0,0.0,0,0.0,0.0,0.0,,Matches,Germany
17,Jonas Hofmann,FW,29.0,0.3,0,0,0,0,0,0,0,0,0,0.0,0.0,0,0.0,0.0,1.0,0.0,Matches,Germany
18,Matthias Ginter,DF,28.0,0.0,0,0,0,1,0,0,0,0,0,0.0,0.0,0,0.0,0.0,1.0,0.0,Matches,Germany
19,Youssoufa Moukoko,FW,17.0,0.0,0,0,0,0,0,0,1,0,0,0.0,0.0,0,1.0,0.0,0.0,,Matches,Germany
20,Squad Total,,27.3,3.0,3,0,0,26,27,12,68,21,27,1.0,0.0,0,164.0,36.0,33.0,52.2,,Germany
21,Opponent Total,,28.1,3.0,2,0,0,30,26,10,28,22,38,0.0,1.0,0,164.0,33.0,36.0,47.8,,Germany
0,Pervis Estupiñán,DF,24.0,3.0,0,0,0,8,3,2,19,3,3,0.0,0.0,0,21.0,3.0,3.0,50.0,Matches,Ecuador
1,Hernán Galíndez,GK,35.0,3.0,0,0,0,0,0,0,0,0,0,0.0,0.0,0,3.0,2.0,0.0,100.0,Matches,Ecuador
2,Piero Hincapié,DF,20.0,3.0,0,0,0,5,1,0,1,2,4,0.0,1.0,0,13.0,5.0,3.0,62.5,Matches,Ecuador
3,Félix Torres Caicedo,DF,25.0,3.0,0,0,0,1,0,0,0,4,2,0.0,0.0,0,17.0,9.0,4.0,69.2,Matches,Ecuador
4,Moisés Caicedo,MF,20.0,3.0,1,0,0,4,5,0,0,2,5,0.0,0.0,0,14.0,1.0,1.0,50.0,Matches,Ecuador
5,Gonzalo Plata,"MF,FW",21.0,3.0,0,0,0,4,6,0,17,2,2,0.0,0.0,0,10.0,5.0,6.0,45.5,Matches,Ecuador
6,Ángelo Preciado,DF,24.0,2.9,0,0,0,8,2,0,8,6,5,0.0,0.0,0,10.0,3.0,2.0,60.0,Matches,Ecuador
7,Enner Valencia,"FW,MF",32.0,2.8,0,0,0,3,7,2,3,1,0,1.0,0.0,0,8.0,2.0,8.0,20.0,Matches,Ecuador
8,Michael Estrada,FW,26.0,2.5,0,0,0,6,7,2,0,0,0,0.0,0.0,0,5.0,13.0,14.0,48.1,Matches,Ecuador
9,Jhegson Méndez,MF,25.0,2.0,2,0,0,3,2,0,2,1,2,0.0,0.0,0,16.0,2.0,2.0,50.0,Matches,Ecuador
10,Jackson Porozo,DF,21.0,1.1,0,0,0,1,2,1,0,3,2,0.0,0.0,0,2.0,1.0,0.0,100.0,Matches,Ecuador
11,Romario Ibarra,MF,27.0,0.8,0,0,0,0,0,0,0,1,0,0.0,0.0,0,3.0,0.0,1.0,0.0,Matches,Ecuador
12,Alan Franco,MF,23.0,0.5,0,0,0,0,0,0,0,2,0,0.0,0.0,0,1.0,1.0,1.0,50.0,Matches,Ecuador
13,Carlos Gruezo,MF,27.0,0.5,0,0,0,0,0,0,0,0,2,0.0,0.0,0,2.0,0.0,1.0,0.0,Matches,Ecuador
14,Jeremy Sarmiento,"MF,FW",19.0,0.9,0,0,0,2,2,1,5,1,1,0.0,0.0,0,6.0,2.0,1.0,66.7,Matches,Ecuador
15,José Cifuentes,MF,23.0,0.7,0,0,0,3,0,0,2,0,2,0.0,0.0,0,3.0,0.0,0.0,,Matches,Ecuador
16,Djorkaeff Reasco,FW,23.0,0.3,0,0,0,1,0,0,0,0,0,0.0,0.0,0,1.0,0.0,0.0,,Matches,Ecuador
17,Kevin Rodríguez,FW,22.0,0.0,0,0,0,1,0,0,0,0,0,,,0,,,,,Matches,Ecuador
18,Squad Total,,24.9,3.0,3,0,0,50,37,8,57,28,30,1.0,1.0,0,135.0,50.0,49.0,50.5,,Ecuador
19,Opponent Total,,27.2,3.0,5,0,0,41,48,7,36,21,28,1.0,1.0,0,131.0,49.0,50.0,49.5,,Ecuador
0,Collins Fai,DF,29.0,3.0,2,0,0,4,4,0,13,4,2,0.0,0.0,0,21.0,1.0,1.0,50.0,Matches,Cameroon
1,Nouhou Tolo,DF,24.0,3.0,1,0,0,3,1,0,7,6,5,0.0,0.0,0,17.0,4.0,3.0,57.1,Matches,Cameroon
2,Andre-Frank Zambo Anguissa,MF,26.0,2.9,0,0,0,6,4,0,2,5,0,0.0,0.0,0,16.0,4.0,0.0,100.0,Matches,Cameroon
3,Eric Maxim Choupo-Moting,"FW,MF",33.0,2.8,0,0,0,0,1,1,0,1,2,0.0,0.0,0,8.0,11.0,6.0,64.7,Matches,Cameroon
4,Bryan Mbeumo,"FW,MF",22.0,2.6,0,0,0,1,8,0,12,1,0,0.0,0.0,0,7.0,5.0,9.0,35.7,Matches,Cameroon
5,Jean-Charles Castelletto,DF,27.0,2.0,0,0,0,1,1,0,3,6,3,0.0,0.0,0,9.0,3.0,1.0,75.0,Matches,Cameroon
6,Devis Epassy,GK,29.0,2.0,0,0,0,0,1,0,0,0,0,0.0,0.0,0,1.0,2.0,0.0,100.0,Matches,Cameroon
7,Nicolas Nkoulou,DF,32.0,2.0,1,0,0,2,2,0,0,5,0,0.0,0.0,0,11.0,2.0,4.0,33.3,Matches,Cameroon
8,Karl Toko Ekambi,"FW,MF",29.0,1.8,0,0,0,0,3,0,3,2,1,0.0,0.0,0,8.0,1.0,4.0,20.0,Matches,Cameroon
9,Pierre Kunde,MF,26.0,1.5,1,0,0,3,1,0,4,4,2,0.0,0.0,0,13.0,1.0,0.0,100.0,Matches,Cameroon
10,Martin Hongla,MF,24.0,1.3,0,0,0,1,1,1,1,2,0,0.0,0.0,0,3.0,1.0,0.0,100.0,Matches,Cameroon
11,Vincent Aboubakar,FW,30.0,1.6,2,1,1,3,2,0,0,0,0,0.0,0.0,0,3.0,2.0,3.0,40.0,Matches,Cameroon
12,Samuel Oum Gouet,MF,24.0,1.1,0,0,0,0,1,0,1,0,1,0.0,0.0,0,10.0,1.0,0.0,100.0,Matches,Cameroon
13,Moumi Ngamaleu,"FW,MF",27.0,1.1,0,0,0,3,5,0,1,0,1,0.0,0.0,0,5.0,0.0,2.0,0.0,Matches,Cameroon
14,Enzo Ebosse,DF,23.0,1.0,0,0,0,0,0,0,0,0,2,0.0,0.0,0,1.0,2.0,0.0,100.0,Matches,Cameroon
15,Christopher Wooh,DF,20.0,1.0,0,0,0,2,0,0,0,1,0,0.0,0.0,0,0.0,0.0,0.0,,Matches,Cameroon
16,André Onana,GK,26.0,0.9,0,0,0,0,0,0,0,0,0,0.0,0.0,0,1.0,0.0,0.0,,Matches,Cameroon
17,Gaël Ondoua,MF,26.0,0.5,0,0,0,2,1,0,0,2,1,0.0,0.0,0,2.0,1.0,2.0,33.3,Matches,Cameroon
18,Georges-Kévin N'Koudou,"FW,MF",27.0,0.3,0,0,0,1,1,0,2,0,0,0.0,0.0,0,3.0,0.0,1.0,0.0,Matches,Cameroon
19,Olivier Ntcham,MF,26.0,0.3,0,0,0,0,0,0,0,0,0,0.0,0.0,0,1.0,0.0,0.0,,Matches,Cameroon
20,Christian Bassogog,MF,26.0,0.3,1,0,0,0,1,0,2,1,0,0.0,0.0,0,2.0,0.0,0.0,,Matches,Cameroon
21,Jerome Ngom Mbekeli,MF,23.0,0.1,0,0,0,0,0,0,2,0,0,0.0,0.0,0,0.0,1.0,0.0,100.0,Matches,Cameroon
22,Squad Total,,27.2,3.0,8,1,1,32,38,2,53,40,20,0.0,0.0,0,142.0,42.0,36.0,53.8,,Cameroon
23,Opponent Total,,27.1,3.0,6,0,0,39,29,7,68,11,23,0.0,0.0,0,173.0,36.0,42.0,46.2,,Cameroon
0,José María Giménez,DF,27.0,3.0,1,0,0,4,3,1,2,7,1,0.0,1.0,0,13.0,8.0,3.0,72.7,Matches,Uruguay
1,Sergio Rochet,GK,29.0,3.0,0,0,0,1,0,0,0,0,0,0.0,1.0,0,2.0,1.0,0.0,100.0,Matches,Uruguay
2,Federico Valverde,MF,23.0,3.0,0,0,0,6,2,0,7,5,4,0.0,0.0,0,19.0,1.0,3.0,25.0,Matches,Uruguay
3,Mathías Olivera,DF,24.0,2.8,1,0,0,2,3,0,6,2,5,0.0,0.0,0,15.0,6.0,4.0,60.0,Matches,Uruguay
4,Darwin Núñez,FW,22.0,2.7,1,0,0,2,3,0,4,0,2,0.0,0.0,0,6.0,5.0,10.0,33.3,Matches,Uruguay
5,Rodrigo Bentancur,MF,24.0,2.4,1,0,0,5,3,0,2,7,8,0.0,0.0,0,35.0,6.0,3.0,66.7,Matches,Uruguay
6,Matías Vecino,MF,30.0,2.2,0,0,0,4,0,0,1,4,3,0.0,0.0,0,18.0,3.0,3.0,50.0,Matches,Uruguay
7,Guillermo Varela,DF,29.0,2.0,0,0,0,3,8,0,7,3,2,0.0,0.0,0,8.0,1.0,2.0,33.3,Matches,Uruguay
8,Facundo Pellistri,"MF,FW",20.0,2.0,0,0,0,2,2,0,3,0,1,0.0,0.0,0,9.0,0.0,6.0,0.0,Matches,Uruguay
9,Sebastián Coates,DF,31.0,2.0,1,0,0,2,0,0,0,1,0,0.0,0.0,0,9.0,7.0,0.0,100.0,Matches,Uruguay
10,Diego Godín,DF,36.0,1.7,0,0,0,0,1,0,0,1,0,0.0,0.0,0,6.0,8.0,2.0,80.0,Matches,Uruguay
11,Luis Suárez,FW,35.0,1.6,1,0,0,0,6,1,0,0,0,0.0,0.0,0,3.0,2.0,4.0,33.3,Matches,Uruguay
12,Edinson Cavani,FW,35.0,1.4,1,0,0,0,1,1,0,0,0,0.0,0.0,0,6.0,2.0,1.0,66.7,Matches,Uruguay
13,Giorgian De Arrascaeta,MF,28.0,1.2,0,0,0,0,0,0,6,2,1,0.0,0.0,0,7.0,0.0,4.0,0.0,Matches,Uruguay
14,Martín Cáceres,DF,35.0,1.0,1,0,0,1,0,0,0,0,0,0.0,0.0,0,3.0,1.0,0.0,100.0,Matches,Uruguay
15,Nicolás De La Cruz,MF,25.0,0.4,0,0,0,0,2,0,1,0,0,0.0,0.0,0,4.0,0.0,1.0,0.0,Matches,Uruguay
16,Maxi Gómez,FW,25.0,0.3,0,0,0,1,1,0,0,0,0,0.0,0.0,0,0.0,2.0,0.0,100.0,Matches,Uruguay
17,Matías Viña,DF,24.0,0.2,0,0,0,1,0,0,2,0,3,0.0,0.0,0,1.0,0.0,0.0,,Matches,Uruguay
18,Agustín Canobbio,MF,23.0,0.1,0,0,0,0,1,0,0,0,1,0.0,0.0,0,2.0,0.0,1.0,0.0,Matches,Uruguay
19,Squad Total,,27.6,3.0,8,0,0,34,36,3,41,32,31,0.0,2.0,0,166.0,53.0,47.0,53.0,,Uruguay
20,Opponent Total,,27.1,3.0,7,0,0,38,31,5,57,24,24,1.0,0.0,0,160.0,47.0,53.0,47.0,,Uruguay
0,Aimen Dahmen,GK,25.0,3.0,0,0,0,0,0,0,0,0,0,0.0,0.0,0,3.0,0.0,0.0,,Matches,Tunisia
1,Yassine Meriah,DF,28.0,3.0,0,0,0,3,1,0,2,1,2,0.0,0.0,0,16.0,5.0,6.0,45.5,Matches,Tunisia
2,Ellyes Skhiri,MF,27.0,3.0,0,0,0,3,2,0,2,7,3,0.0,0.0,0,18.0,1.0,0.0,100.0,Matches,Tunisia
3,Montassar Talbi,DF,24.0,3.0,0,0,0,4,2,0,0,2,2,0.0,0.0,0,16.0,8.0,9.0,47.1,Matches,Tunisia
4,Aïssa Laïdouni,MF,25.0,2.7,1,0,0,3,6,0,3,4,3,0.0,0.0,0,25.0,3.0,1.0,75.0,Matches,Tunisia
5,Ali Abdi,DF,28.0,2.1,1,0,0,5,0,1,5,4,5,0.0,0.0,0,17.0,9.0,5.0,64.3,Matches,Tunisia
6,Issam Jebali,FW,30.0,2.0,0,0,0,10,2,1,2,0,3,0.0,0.0,0,8.0,2.0,15.0,11.8,Matches,Tunisia
7,Youssef Msakni,"MF,FW",31.0,1.9,0,0,0,0,4,0,2,0,1,0.0,0.0,0,9.0,3.0,6.0,33.3,Matches,Tunisia
8,Dylan Bronn,DF,26.0,1.8,0,0,0,1,1,0,0,0,2,0.0,0.0,0,7.0,2.0,4.0,33.3,Matches,Tunisia
9,Anis Ben Slimane,MF,21.0,1.6,0,0,0,0,0,0,8,1,1,0.0,0.0,0,5.0,5.0,3.0,62.5,Matches,Tunisia
10,Mohamed Dräger,DF,25.0,1.5,0,0,0,2,1,0,3,1,3,0.0,0.0,0,2.0,1.0,1.0,50.0,Matches,Tunisia
11,Naïm Sliti,"MF,FW",29.0,1.3,0,0,0,0,3,2,13,0,1,0.0,0.0,0,8.0,1.0,1.0,50.0,Matches,Tunisia
12,Wajdi Kechrida,DF,26.0,1.2,1,0,0,2,0,0,5,0,3,0.0,0.0,0,6.0,1.0,2.0,33.3,Matches,Tunisia
13,Nader Ghandri,DF,27.0,1.0,0,0,0,0,1,1,0,1,2,0.0,0.0,0,2.0,2.0,1.0,66.7,Matches,Tunisia
14,Ali Maâloul,DF,32.0,1.0,0,0,0,0,0,0,13,0,1,0.0,0.0,0,5.0,0.0,1.0,0.0,Matches,Tunisia
15,Wahbi Khazri,"FW,MF",31.0,0.9,0,0,0,1,2,2,2,0,0,0.0,0.0,0,5.0,0.0,0.0,,Matches,Tunisia
16,Mohamed Ali Ben Romdhane,MF,22.0,0.8,0,0,0,1,1,0,1,0,4,0.0,0.0,0,10.0,1.0,0.0,100.0,Matches,Tunisia
17,Ferjani Sassi,"MF,DF",30.0,0.5,1,0,0,1,1,0,0,1,0,0.0,0.0,0,5.0,2.0,0.0,100.0,Matches,Tunisia
18,Taha Yassine Khenissi,FW,30.0,0.3,1,0,0,3,1,0,0,0,0,0.0,0.0,0,0.0,1.0,2.0,33.3,Matches,Tunisia
19,Ghaylène Chaalali,MF,28.0,0.2,0,0,0,1,0,0,0,2,0,0.0,0.0,0,2.0,1.0,0.0,100.0,Matches,Tunisia
20,Hannibal Mejbri,MF,19.0,0.1,0,0,0,0,0,0,0,1,0,0.0,0.0,0,1.0,0.0,0.0,,Matches,Tunisia
21,Squad Total,,26.9,3.0,5,0,0,40,28,7,61,25,36,0.0,0.0,0,170.0,48.0,57.0,45.7,,Tunisia
22,Opponent Total,,26.7,3.0,2,0,0,30,36,3,65,35,37,0.0,0.0,0,164.0,57.0,48.0,54.3,,Tunisia
0,Luis Chávez,MF,26.0,3.0,0,0,0,3,8,0,19,1,0,0.0,0.0,0,15.0,5.0,5.0,50.0,Matches,Mexico
1,Jesús Gallardo,DF,27.0,3.0,0,0,0,4,1,0,9,1,5,0.0,0.0,0,14.0,1.0,0.0,100.0,Matches,Mexico
2,César Montes,DF,25.0,3.0,0,0,0,4,0,0,0,2,3,0.0,0.0,0,13.0,7.0,5.0,58.3,Matches,Mexico
3,Héctor Moreno,DF,34.0,3.0,1,0,0,3,3,0,0,1,1,0.0,1.0,0,14.0,5.0,8.0,38.5,Matches,Mexico
4,Guillermo Ochoa,GK,36.0,3.0,0,0,0,0,1,0,0,0,0,0.0,0.0,0,7.0,0.0,0.0,,Matches,Mexico
5,Hirving Lozano,FW,26.0,2.8,0,0,0,7,11,2,24,0,2,0.0,0.0,0,14.0,1.0,10.0,9.1,Matches,Mexico
6,Alexis Vega,FW,24.0,2.1,0,0,0,2,6,4,6,1,0,0.0,0.0,0,16.0,1.0,5.0,16.7,Matches,Mexico
7,Edson Álvarez,MF,24.0,1.9,1,0,0,4,1,1,0,4,2,0.0,0.0,0,10.0,11.0,5.0,68.8,Matches,Mexico
8,Jorge Eduardo Sánchez,DF,24.0,1.9,1,0,0,5,1,2,2,3,0,0.0,0.0,0,6.0,3.0,2.0,60.0,Matches,Mexico
9,Héctor Herrera,MF,32.0,1.8,1,0,0,4,1,0,4,3,3,0.0,0.0,0,7.0,6.0,2.0,75.0,Matches,Mexico
10,Henry Martín,FW,29.0,1.6,0,0,0,3,3,2,0,2,1,0.0,0.0,0,4.0,3.0,2.0,60.0,Matches,Mexico
11,Néstor Araujo,DF,30.0,1.0,1,0,0,2,0,0,2,3,1,0.0,0.0,0,6.0,0.0,0.0,,Matches,Mexico
12,Orbelín Pineda,MF,26.0,0.8,0,0,0,2,4,0,0,0,3,0.0,0.0,0,4.0,0.0,2.0,0.0,Matches,Mexico
13,Kevin Álvarez,DF,23.0,0.8,0,0,0,0,1,0,1,1,0,0.0,0.0,0,4.0,0.0,2.0,0.0,Matches,Mexico
14,Andrés Guardado,MF,35.0,0.5,0,0,0,1,0,0,0,0,2,0.0,0.0,0,5.0,0.0,0.0,,Matches,Mexico
15,Uriel Antuna,"FW,MF",24.0,0.9,0,0,0,0,1,2,7,0,3,0.0,0.0,0,1.0,0.0,2.0,0.0,Matches,Mexico
16,Raúl Jiménez,FW,31.0,0.7,0,0,0,1,1,0,2,1,0,0.0,0.0,0,2.0,3.0,0.0,100.0,Matches,Mexico
17,Erick Gutiérrez,MF,26.0,0.5,1,0,0,2,3,0,0,2,1,0.0,0.0,0,3.0,1.0,0.0,100.0,Matches,Mexico
18,Charly Rodríguez,MF,25.0,0.4,0,0,0,1,1,0,1,0,0,0.0,0.0,0,6.0,0.0,1.0,0.0,Matches,Mexico
19,Roberto Alvarado,FW,23.0,0.2,1,0,0,1,0,0,2,0,0,0.0,0.0,0,0.0,1.0,0.0,100.0,Matches,Mexico
20,Rogelio Funes Mori,FW,31.0,0.1,0,0,0,2,1,0,0,0,0,0.0,0.0,0,0.0,0.0,0.0,,Matches,Mexico
21,Squad Total,,28.2,3.0,7,0,0,51,48,13,79,25,27,0.0,1.0,0,151.0,48.0,51.0,48.5,,Mexico
22,Opponent Total,,27.3,3.0,8,0,0,50,47,4,37,23,18,1.0,0.0,0,125.0,51.0,48.0,51.5,,Mexico
0,Toby Alderweireld,DF,33.0,3.0,0,0,0,0,0,0,2,0,2,0.0,0.0,0,9.0,1.0,2.0,33.3,Matches,Belgium
1,Timothy Castagne,DF,26.0,3.0,0,0,0,3,1,0,3,2,4,0.0,0.0,0,9.0,2.0,3.0,40.0,Matches,Belgium
2,Thibaut Courtois,GK,30.0,3.0,0,0,0,0,0,0,0,0,0,0.0,0.0,0,2.0,0.0,0.0,,Matches,Belgium
3,Kevin De Bruyne,"FW,MF",30.0,3.0,0,0,0,0,2,0,18,0,1,0.0,0.0,0,11.0,4.0,0.0,100.0,Matches,Belgium
4,Jan Vertonghen,DF,35.0,3.0,0,0,0,0,6,0,0,5,0,0.0,0.0,0,15.0,11.0,5.0,68.8,Matches,Belgium
5,Axel Witsel,MF,33.0,3.0,0,0,0,5,4,0,0,4,2,0.0,0.0,0,12.0,4.0,2.0,66.7,Matches,Belgium
6,Thomas Meunier,DF,30.0,2.3,1,0,0,4,1,0,6,2,6,0.0,0.0,0,13.0,2.0,3.0,40.0,Matches,Belgium
7,Leander Dendoncker,"DF,MF",27.0,1.8,1,0,0,3,0,0,0,0,3,0.0,0.0,0,6.0,2.0,1.0,66.7,Matches,Belgium
8,Michy Batshuayi,FW,28.0,1.7,0,0,0,5,1,2,0,0,0,0.0,0.0,0,4.0,1.0,2.0,33.3,Matches,Belgium
9,Eden Hazard,MF,31.0,1.4,0,0,0,0,7,0,1,1,0,0.0,0.0,0,7.0,1.0,1.0,50.0,Matches,Belgium
10,Yannick Carrasco,"FW,DF",28.0,1.3,1,0,0,1,2,0,2,1,4,0.0,1.0,0,8.0,0.0,0.0,,Matches,Belgium
11,Thorgan Hazard,FW,29.0,1.2,0,0,0,2,2,1,9,0,2,0.0,0.0,0,6.0,0.0,3.0,0.0,Matches,Belgium
12,Amadou Onana,MF,20.0,1.2,2,0,0,4,3,0,0,0,1,0.0,0.0,0,7.0,2.0,0.0,100.0,Matches,Belgium
13,Leandro Trossard,"FW,MF",27.0,1.1,0,0,0,0,2,0,2,0,1,0.0,0.0,0,7.0,0.0,0.0,,Matches,Belgium
14,Youri Tielemans,MF,25.0,1.1,0,0,0,2,1,0,1,2,1,0.0,0.0,0,9.0,2.0,1.0,66.7,Matches,Belgium
15,Dries Mertens,"MF,FW",35.0,0.8,0,0,0,0,0,0,5,0,0,0.0,0.0,0,2.0,0.0,0.0,,Matches,Belgium
16,Romelu Lukaku,FW,29.0,0.6,0,0,0,1,0,0,0,0,0,0.0,0.0,0,1.0,1.0,0.0,100.0,Matches,Belgium
17,Jeremy Doku,"MF,FW",20.0,0.2,0,0,0,0,1,0,3,0,0,0.0,0.0,0,0.0,0.0,1.0,0.0,Matches,Belgium
18,Charles De Ketelaere,FW,21.0,0.2,0,0,0,0,1,0,0,0,0,0.0,0.0,0,3.0,0.0,3.0,0.0,Matches,Belgium
19,Loïs Openda,FW,22.0,0.1,0,0,0,0,1,0,1,0,0,0.0,0.0,0,1.0,0.0,1.0,0.0,Matches,Belgium
20,Squad Total,,29.7,3.0,5,0,0,30,35,3,53,17,27,0.0,1.0,0,132.0,33.0,28.0,54.1,,Belgium
21,Opponent Total,,27.5,3.0,3,0,0,35,28,8,48,20,20,0.0,0.0,0,135.0,28.0,33.0,45.9,,Belgium
0,Lawrence Ati-Zigi,GK,25.0,3.0,0,0,0,0,0,0,0,0,0,0.0,0.0,0,3.0,0.0,0.0,,Matches,Ghana
1,Thomas Partey,MF,29.0,3.0,0,0,0,3,2,0,1,0,5,0.0,0.0,0,21.0,6.0,3.0,66.7,Matches,Ghana
2,Mohammed Salisu,DF,23.0,3.0,0,0,0,6,1,0,0,3,1,0.0,1.0,0,15.0,8.0,8.0,50.0,Matches,Ghana
3,Iñaki Williams,FW,27.0,3.0,0,0,0,4,3,1,1,0,2,0.0,0.0,0,9.0,1.0,3.0,25.0,Matches,Ghana
4,Daniel Amartey,DF,27.0,2.8,2,0,0,3,1,0,0,3,4,0.0,0.0,0,15.0,5.0,4.0,55.6,Matches,Ghana
5,Salis Abdul Samed,MF,22.0,2.8,0,0,0,5,2,0,2,4,2,0.0,0.0,0,15.0,0.0,3.0,0.0,Matches,Ghana
6,Kudus Mohammed,"FW,MF",21.0,2.7,1,0,0,3,5,1,6,1,4,1.0,0.0,0,22.0,0.0,4.0,0.0,Matches,Ghana
7,André Ayew,"MF,FW",32.0,2.2,1,0,0,2,6,1,0,0,1,0.0,0.0,0,6.0,3.0,13.0,18.8,Matches,Ghana
8,Baba Rahman,DF,27.0,2.0,0,0,0,7,1,0,11,1,3,0.0,0.0,0,6.0,2.0,4.0,33.3,Matches,Ghana
9,Alidu Seidu,DF,22.0,1.7,2,0,0,5,5,0,6,0,4,0.0,0.0,0,6.0,1.0,0.0,100.0,Matches,Ghana
10,Jordan Ayew,FW,30.0,1.5,0,0,0,2,5,0,8,1,3,0.0,0.0,0,8.0,0.0,5.0,0.0,Matches,Ghana
11,Tariq Lamptey,DF,21.0,1.1,1,0,0,3,2,0,3,1,1,0.0,0.0,0,8.0,0.0,1.0,0.0,Matches,Ghana
12,Alexander Djiku,"DF,FW",27.0,1.1,0,0,0,0,2,0,0,2,1,0.0,0.0,0,3.0,2.0,0.0,100.0,Matches,Ghana
13,Gideon Mensah,DF,23.0,1.0,0,0,0,0,0,0,1,2,1,0.0,0.0,0,4.0,4.0,2.0,66.7,Matches,Ghana
14,Osman Bukari,MF,23.0,0.7,0,0,0,1,1,0,1,1,0,0.0,0.0,0,2.0,1.0,2.0,33.3,Matches,Ghana
15,Kamaldeen Sulemana,FW,20.0,0.6,1,0,0,2,2,0,4,0,0,0.0,0.0,0,0.0,2.0,1.0,66.7,Matches,Ghana
16,Daniel Kyereh,"MF,DF",26.0,0.4,0,0,0,0,0,0,5,0,2,0.0,0.0,0,3.0,0.0,1.0,0.0,Matches,Ghana
17,Antoine Semenyo,"FW,MF",22.0,0.2,0,0,0,0,0,1,0,0,0,0.0,0.0,0,0.0,1.0,4.0,20.0,Matches,Ghana
18,Denis Odoi,DF,34.0,0.1,0,0,0,0,0,0,0,0,0,0.0,0.0,0,0.0,0.0,4.0,0.0,Matches,Ghana
19,Abdul Fatawu Issahaku,FW,18.0,0.0,0,0,0,0,0,0,0,0,0,0.0,0.0,0,0.0,0.0,0.0,,Matches,Ghana
20,Squad Total,,25.5,3.0,8,0,0,46,38,4,49,19,34,1.0,1.0,0,146.0,36.0,62.0,36.7,,Ghana
21,Opponent Total,,27.4,3.0,9,1,0,38,44,4,77,17,34,1.0,1.0,0,151.0,62.0,36.0,63.3,,Ghana
0,Saud Abdulhamid,"DF,MF",22.0,3.0,1,0,0,7,5,0,9,2,2,0.0,1.0,0,14.0,4.0,6.0,40.0,Matches,Saudi
1,Salem Al-Dawsari,MF,30.0,3.0,1,0,0,3,3,0,3,1,4,0.0,0.0,0,16.0,1.0,1.0,50.0,Matches,Saudi
2,Mohamed Kanno,"MF,FW",27.0,3.0,0,0,0,8,3,1,0,2,2,0.0,0.0,0,19.0,8.0,9.0,47.1,Matches,Saudi
3,Mohammed Al-Owais,GK,30.0,3.0,1,0,0,0,3,0,0,0,0,0.0,0.0,0,5.0,2.0,0.0,100.0,Matches,Saudi
4,Firas Al-Buraikan,"MF,FW",22.0,3.0,0,0,0,2,3,1,2,2,3,0.0,0.0,0,7.0,5.0,7.0,41.7,Matches,Saudi
5,Saleh Al-Shehri,FW,28.0,2.5,1,0,0,6,5,0,1,0,1,1.0,0.0,0,7.0,6.0,7.0,46.2,Matches,Saudi
6,Ali Al-Bulaihi,DF,32.0,2.4,1,0,0,1,1,0,0,3,2,0.0,0.0,0,5.0,3.0,3.0,50.0,Matches,Saudi
7,Abdulelah Al-Amri,DF,25.0,2.0,2,0,0,3,3,0,1,4,0,0.0,0.0,0,15.0,10.0,4.0,71.4,Matches,Saudi
8,Hassan Al Tambakti,DF,23.0,2.0,1,0,0,2,5,0,0,3,2,0.0,0.0,0,9.0,1.0,1.0,50.0,Matches,Saudi
9,Abdulellah Al-Malki,MF,27.0,1.9,2,0,0,8,4,0,1,2,1,0.0,0.0,0,9.0,0.0,1.0,0.0,Matches,Saudi
10,Sultan Al-Ghanam,"DF,MF",28.0,1.4,0,0,0,2,0,1,7,2,0,0.0,0.0,0,4.0,0.0,0.0,,Matches,Saudi
11,Yasser Al-Shahrani,DF,30.0,1.0,0,0,0,1,0,0,1,6,1,0.0,0.0,0,5.0,0.0,0.0,,Matches,Saudi
12,Mohammed Al-Breik,DF,29.0,0.7,0,0,0,0,1,0,2,1,0,0.0,0.0,0,3.0,1.0,4.0,20.0,Matches,Saudi
13,Ali Al Hassan,MF,25.0,0.5,1,0,0,2,0,0,1,0,1,0.0,0.0,0,1.0,0.0,0.0,,Matches,Saudi
14,Sami Al-Najei,MF,25.0,0.5,0,0,0,0,0,0,5,0,0,0.0,0.0,0,2.0,0.0,1.0,0.0,Matches,Saudi
15,Salman Al-Faraj,MF,32.0,0.5,0,0,0,0,0,0,1,0,0,0.0,0.0,0,1.0,0.0,0.0,,Matches,Saudi
16,Nawaf Al Abed,MF,32.0,1.0,1,0,0,2,2,0,2,1,0,0.0,0.0,0,2.0,0.0,1.0,0.0,Matches,Saudi
17,Riyadh Sharahili,MF,29.0,0.6,0,0,0,4,0,0,0,2,0,0.0,0.0,0,3.0,1.0,1.0,50.0,Matches,Saudi
18,Abdullah Madu,"DF,MF",28.0,0.5,1,0,0,1,0,0,0,0,0,0.0,0.0,0,2.0,1.0,1.0,50.0,Matches,Saudi
19,Abdulrahman Al-Aboud,"MF,DF",27.0,0.4,0,0,0,0,0,0,2,0,3,0.0,0.0,0,1.0,1.0,1.0,50.0,Matches,Saudi
20,Nasser Al-Dawsari,FW,23.0,0.1,0,0,0,1,0,0,1,0,1,0.0,0.0,0,1.0,0.0,0.0,,Matches,Saudi
21,Hattan Bahebri,MF,29.0,0.0,1,0,0,2,0,0,0,0,0,0.0,0.0,0,1.0,1.0,0.0,100.0,Matches,Saudi
22,Asiri Haitham,FW,21.0,0.0,0,0,0,1,0,0,0,0,0,0.0,0.0,0,0.0,0.0,1.0,0.0,Matches,Saudi
23,Squad Total,,27.3,3.0,14,0,0,56,38,3,39,31,23,1.0,1.0,0,132.0,45.0,49.0,47.9,,Saudi
24,Opponent Total,,28.2,3.0,4,0,0,43,55,16,70,25,20,1.0,1.0,0,130.0,49.0,45.0,52.1,,Saudi
0,Majid Hosseini,DF,25.0,3.0,1,0,0,4,1,1,0,6,4,0.0,0.0,0,22.0,6.0,4.0,60.0,Matches,IR
1,Morteza Pouraliganji,DF,30.0,3.0,1,0,0,5,1,0,2,6,2,1.0,0.0,0,16.0,9.0,6.0,60.0,Matches,IR
2,Mehdi Taremi,FW,29.0,3.0,0,0,0,5,4,1,0,2,3,0.0,0.0,0,13.0,5.0,7.0,41.7,Matches,IR
3,Ehsan Hajsafi,"MF,DF",32.0,2.6,0,0,0,1,3,0,11,2,3,0.0,0.0,0,10.0,2.0,0.0,100.0,Matches,IR
4,Ahmad Nourollahi,MF,29.0,2.5,0,0,0,2,0,0,3,6,3,0.0,0.0,0,15.0,1.0,0.0,100.0,Matches,IR
5,Milad Mohammadi,DF,28.0,2.2,0,0,0,2,1,0,2,1,3,0.0,0.0,0,11.0,3.0,3.0,50.0,Matches,IR
6,Saeid Ezatolahi,MF,25.0,2.4,0,0,0,2,5,0,4,2,1,0.0,0.0,0,17.0,6.0,4.0,60.0,Matches,IR
7,Ali Gholizadeh,"MF,FW",26.0,2.2,0,0,0,3,1,2,4,3,0,0.0,0.0,0,21.0,0.0,1.0,0.0,Matches,IR
8,Ramin Rezaeian,DF,32.0,2.0,1,0,0,2,3,0,11,3,5,0.0,0.0,0,22.0,1.0,6.0,14.3,Matches,IR
9,Sardar Azmoun,FW,27.0,1.4,0,0,0,1,1,1,0,0,0,0.0,0.0,0,3.0,4.0,5.0,44.4,Matches,IR
10,Alireza Beiranvand,GK,29.0,1.2,0,0,0,0,0,0,0,0,0,0.0,0.0,0,0.0,0.0,0.0,,Matches,IR
11,Hossein Hosseini,GK,29.0,1.8,0,0,0,0,0,0,0,0,0,0.0,0.0,0,0.0,1.0,1.0,50.0,Matches,IR
12,Ali Karimi,MF,28.0,1.1,0,0,0,4,1,0,2,3,3,0.0,0.0,0,6.0,3.0,2.0,60.0,Matches,IR
13,Sadegh Moharrami,DF,26.0,1.0,0,0,0,2,0,0,3,1,1,0.0,0.0,0,6.0,1.0,2.0,33.3,Matches,IR
14,Alireza Jahanbakhsh,MF,28.0,0.7,2,0,0,2,0,0,1,1,1,0.0,0.0,0,1.0,0.0,3.0,0.0,Matches,IR
15,Roozbeh Cheshmi,"DF,MF",28.0,0.6,0,0,0,1,0,0,0,2,0,0.0,0.0,0,4.0,1.0,2.0,33.3,Matches,IR
16,Mehdi Torabi,MF,27.0,0.7,0,0,0,0,0,0,1,2,0,0.0,0.0,0,6.0,0.0,1.0,0.0,Matches,IR
17,Saman Ghoddos,MF,28.0,0.5,0,0,0,1,0,0,2,0,0,0.0,0.0,0,1.0,0.0,1.0,0.0,Matches,IR
18,Hossein Kanaanizadegan,DF,28.0,0.5,1,0,0,0,1,0,0,1,0,0.0,0.0,0,1.0,0.0,0.0,,Matches,IR
19,Karim Ansarifard,"FW,MF",32.0,0.4,0,0,0,0,0,1,0,1,0,0.0,0.0,0,0.0,0.0,1.0,0.0,Matches,IR
20,Abolfazl Jalali,DF,23.0,0.2,1,0,0,1,4,0,2,0,0,0.0,0.0,0,3.0,0.0,0.0,,Matches,IR
21,Squad Total,,28.5,3.0,7,0,0,38,26,6,48,42,29,1.0,0.0,0,178.0,43.0,49.0,46.7,,IR
22,Opponent Total,,25.7,3.0,2,1,0,28,34,5,61,18,25,0.0,1.0,0,175.0,49.0,43.0,53.3,,IR
0,Óscar Duarte,DF,33.0,3.0,1,0,0,1,0,0,0,6,2,0.0,1.0,0,9.0,2.0,3.0,40.0,Matches,Costa
1,Keylor Navas,GK,35.0,3.0,0,0,0,0,0,0,0,1,0,0.0,0.0,0,0.0,0.0,0.0,,Matches,Costa
2,Joel Campbell,"FW,MF",29.0,3.0,1,0,0,3,11,3,7,0,5,0.0,0.0,0,14.0,5.0,6.0,45.5,Matches,Costa
3,Yeltsin Tejeda,MF,30.0,3.0,0,0,0,0,2,0,0,1,2,0.0,0.0,0,14.0,4.0,2.0,66.7,Matches,Costa
4,Bryan Oviedo,DF,32.0,2.9,0,0,0,2,4,1,2,3,5,0.0,0.0,0,14.0,2.0,0.0,100.0,Matches,Costa
5,Keysher Fuller,"DF,MF",27.0,2.8,0,0,0,2,4,2,2,3,4,0.0,0.0,0,11.0,0.0,1.0,0.0,Matches,Costa
6,Celso Borges,MF,34.0,2.8,1,0,0,2,0,0,2,4,1,0.0,0.0,0,17.0,6.0,0.0,100.0,Matches,Costa
7,Kendall Waston,DF,34.0,2.5,0,0,0,1,0,0,0,5,4,0.0,0.0,0,10.0,4.0,3.0,57.1,Matches,Costa
8,Francisco Calvo,DF,29.0,2.0,2,0,0,6,0,1,0,2,4,0.0,0.0,0,12.0,2.0,1.0,66.7,Matches,Costa
9,Anthony Contreras,"FW,MF",22.0,1.4,1,0,0,1,1,0,1,1,2,0.0,0.0,0,4.0,5.0,6.0,45.5,Matches,Costa
10,Jewison Bennette,MF,17.0,1.1,0,0,0,0,2,2,2,0,0,0.0,0.0,0,4.0,0.0,2.0,0.0,Matches,Costa
11,Brandon Aguilera,MF,18.0,1.0,0,0,0,2,2,1,1,1,0,0.0,0.0,0,8.0,2.0,1.0,66.7,Matches,Costa
12,Juan Pablo Vargas,DF,27.0,1.0,0,0,0,0,0,0,0,2,3,0.0,0.0,0,5.0,1.0,0.0,100.0,Matches,Costa
13,Johan Venegas,"FW,MF",33.0,0.8,0,0,0,1,1,2,1,0,0,0.0,0.0,0,1.0,0.0,2.0,0.0,Matches,Costa
14,Gerson Torres,MF,24.0,0.7,0,0,0,1,8,0,0,0,0,0.0,0.0,0,4.0,0.0,0.0,,Matches,Costa
15,Carlos Martínez,DF,23.0,0.5,0,0,0,1,0,0,0,1,1,0.0,0.0,0,3.0,1.0,0.0,100.0,Matches,Costa
16,Youstin Salas,"DF,MF",25.0,0.5,0,0,0,0,0,0,0,0,1,0.0,0.0,0,5.0,1.0,0.0,100.0,Matches,Costa
17,Bryan Ruiz,MF,36.0,0.3,0,0,0,0,1,0,0,0,1,0.0,0.0,0,1.0,2.0,2.0,50.0,Matches,Costa
18,Álvaro Zamora,MF,20.0,0.3,0,0,0,0,0,1,0,1,0,0.0,0.0,0,1.0,0.0,1.0,0.0,Matches,Costa
19,Rónald Matarrita,"DF,MF",27.0,0.3,0,0,0,1,1,0,3,0,0,0.0,0.0,0,4.0,0.0,0.0,,Matches,Costa
20,Daniel Chacón,MF,21.0,0.0,0,0,0,0,0,0,0,0,0,0.0,0.0,0,0.0,1.0,0.0,100.0,Matches,Costa
21,Roan Wilson,MF,20.0,0.0,0,0,0,0,0,0,0,0,0,0.0,0.0,0,1.0,0.0,0.0,,Matches,Costa
22,Squad Total,,29.7,3.0,6,0,0,24,37,13,21,31,35,0.0,1.0,0,142.0,38.0,30.0,55.9,,Costa
23,Opponent Total,,26.9,3.0,3,0,0,39,23,6,61,13,18,1.0,0.0,0,164.0,30.0,38.0,44.1,,Costa
0,Joachim Andersen,DF,26.0,3.0,0,0,0,3,4,0,1,0,2,0.0,0.0,0,15.0,10.0,8.0,55.6,Matches,Denmark
1,Andreas Christensen,DF,26.0,3.0,1,0,0,2,1,1,0,4,2,0.0,0.0,0,20.0,6.0,4.0,60.0,Matches,Denmark
2,Christian Eriksen,MF,30.0,3.0,0,0,0,2,1,0,30,0,0,0.0,0.0,0,30.0,0.0,4.0,0.0,Matches,Denmark
3,Pierre Højbjerg,MF,26.0,3.0,0,0,0,0,1,0,1,3,2,0.0,0.0,0,26.0,1.0,0.0,100.0,Matches,Denmark
4,Kasper Schmeichel,GK,35.0,3.0,0,0,0,0,0,0,0,0,0,0.0,0.0,0,5.0,2.0,0.0,100.0,Matches,Denmark
5,Joakim Mæhle,DF,25.0,2.8,0,0,0,1,4,0,4,2,5,0.0,0.0,0,10.0,1.0,9.0,10.0,Matches,Denmark
6,Rasmus Nissen,DF,24.0,2.5,1,0,0,2,1,0,7,1,7,0.0,0.0,0,15.0,3.0,1.0,75.0,Matches,Denmark
7,Jesper Lindstrøm,"MF,FW",22.0,2.2,0,0,0,4,2,0,3,1,1,0.0,0.0,0,8.0,1.0,1.0,50.0,Matches,Denmark
8,Andreas Skov Olsen,"FW,MF",22.0,1.5,0,0,0,2,1,0,4,1,0,0.0,0.0,0,3.0,1.0,2.0,33.3,Matches,Denmark
9,Mikkel Damsgaard,"MF,FW",21.0,1.7,0,0,0,2,1,1,3,2,2,0.0,0.0,0,10.0,0.0,1.0,0.0,Matches,Denmark
10,Kasper Dolberg,FW,24.0,1.3,0,0,0,2,2,1,1,0,1,0.0,0.0,0,3.0,0.0,1.0,0.0,Matches,Denmark
11,Martin Braithwaite,"FW,MF",31.0,1.1,0,0,0,0,0,2,0,0,0,0.0,0.0,0,1.0,1.0,3.0,25.0,Matches,Denmark
12,Andreas Cornelius,FW,29.0,1.0,1,0,0,4,2,0,1,0,0,0.0,0.0,0,2.0,11.0,8.0,57.9,Matches,Denmark
13,Victor Nelsson,DF,23.0,1.0,0,0,0,0,2,0,0,2,0,0.0,0.0,0,3.0,4.0,3.0,57.1,Matches,Denmark
14,Mathias Jensen,MF,26.0,0.9,1,0,0,2,1,0,2,0,0,0.0,0.0,0,5.0,1.0,0.0,100.0,Matches,Denmark
15,Simon Kjær,DF,33.0,0.7,0,0,0,0,0,0,0,5,0,0.0,0.0,0,6.0,3.0,1.0,75.0,Matches,Denmark
16,Thomas Delaney,MF,30.0,0.5,0,0,0,0,0,0,1,0,1,0.0,0.0,0,2.0,2.0,1.0,66.7,Matches,Denmark
17,Alexander Bah,DF,24.0,0.5,0,0,0,1,0,0,4,2,4,0.0,0.0,0,3.0,4.0,0.0,100.0,Matches,Denmark
18,Robert Skov,DF,26.0,0.2,1,0,0,1,0,0,5,0,0,0.0,0.0,0,2.0,0.0,1.0,0.0,Matches,Denmark
19,Christian Nørgaard,MF,28.0,0.1,0,0,0,0,0,0,0,0,0,0.0,0.0,0,2.0,0.0,0.0,,Matches,Denmark
20,Squad Total,,26.6,3.0,5,0,0,28,23,5,67,23,27,0.0,0.0,0,171.0,51.0,48.0,51.5,,Denmark
21,Opponent Total,,27.1,3.0,4,0,0,25,27,3,44,30,35,0.0,0.0,0,145.0,48.0,51.0,48.5,,Denmark
0,Nikola Milenković,DF,24.0,3.0,2,0,0,8,2,0,1,6,5,0.0,0.0,0,18.0,6.0,2.0,75.0,Matches,Serbia
1,Vanja Milinković-Savić,GK,25.0,3.0,0,0,0,0,0,0,0,1,0,0.0,0.0,0,5.0,1.0,0.0,100.0,Matches,Serbia
2,Aleksandar Mitrović,FW,27.0,2.9,1,0,0,3,1,1,1,0,0,0.0,0.0,0,6.0,5.0,12.0,29.4,Matches,Serbia
3,Dušan Tadić,"MF,FW",33.0,2.9,0,0,0,7,4,1,17,1,2,0.0,0.0,0,10.0,0.0,0.0,,Matches,Serbia
4,Saša Lukić,MF,25.0,2.7,2,0,0,7,1,0,1,1,0,0.0,0.0,0,19.0,3.0,3.0,50.0,Matches,Serbia
5,Strahinja Pavlović,DF,21.0,2.6,2,0,0,6,4,0,1,1,2,0.0,0.0,0,18.0,12.0,2.0,85.7,Matches,Serbia
6,Sergej Milinković-Savić,MF,27.0,2.6,1,0,0,2,4,0,1,2,1,0.0,0.0,0,18.0,3.0,3.0,50.0,Matches,Serbia
7,Miloš Veljković,DF,26.0,2.5,0,0,0,1,0,0,0,0,1,0.0,0.0,0,12.0,2.0,1.0,66.7,Matches,Serbia
8,Andrija Živković,DF,25.0,2.3,0,0,0,2,4,0,8,3,3,0.0,0.0,0,11.0,2.0,2.0,50.0,Matches,Serbia
9,Filip Kostić,DF,29.0,2.0,0,0,0,3,1,2,16,0,3,0.0,0.0,0,12.0,0.0,0.0,,Matches,Serbia
10,Nemanja Maksimović,MF,27.0,1.4,0,0,0,0,1,0,2,3,2,0.0,0.0,0,6.0,0.0,3.0,0.0,Matches,Serbia
11,Nemanja Gudelj,"MF,DF",30.0,1.0,2,0,0,3,0,0,0,2,2,0.0,0.0,0,6.0,1.0,1.0,50.0,Matches,Serbia
12,Dušan Vlahović,FW,22.0,0.9,0,0,0,0,2,0,0,0,0,0.0,0.0,0,3.0,2.0,2.0,50.0,Matches,Serbia
13,Filip Mladenović,DF,30.0,0.7,0,0,0,0,0,0,1,0,0,0.0,0.0,0,4.0,1.0,0.0,100.0,Matches,Serbia
14,Nemanja Radonjić,"DF,FW",26.0,0.7,0,0,0,0,2,0,6,0,0,0.0,0.0,0,6.0,0.0,1.0,0.0,Matches,Serbia
15,Luka Jović,FW,24.0,0.4,1,0,0,1,0,0,0,1,0,0.0,0.0,0,0.0,1.0,3.0,25.0,Matches,Serbia
16,Stefan Mitrović,DF,32.0,0.4,0,0,0,0,0,0,0,0,0,0.0,0.0,0,1.0,0.0,2.0,0.0,Matches,Serbia
17,Ivan Ilić,MF,21.0,0.4,0,0,0,0,0,0,0,1,0,0.0,0.0,0,3.0,1.0,0.0,100.0,Matches,Serbia
18,Darko Lazović,DF,31.0,0.3,0,0,0,0,1,0,1,0,0,0.0,0.0,0,0.0,0.0,0.0,,Matches,Serbia
19,Filip Đuričić,"MF,FW",30.0,0.2,0,0,0,0,1,0,0,0,0,0.0,0.0,0,0.0,2.0,1.0,66.7,Matches,Serbia
20,Srđan Babić,DF,26.0,0.1,0,0,0,0,0,0,0,0,0,0.0,0.0,0,1.0,0.0,0.0,,Matches,Serbia
21,Marko Grujić,MF,26.0,0.1,0,0,0,0,0,0,0,0,1,0.0,0.0,0,2.0,1.0,0.0,100.0,Matches,Serbia
22,Squad Total,,26.5,3.0,12,0,0,43,28,4,56,22,22,0.0,0.0,0,161.0,43.0,38.0,53.1,,Serbia
23,Opponent Total,,27.8,3.0,6,0,0,29,42,1,44,33,17,0.0,0.0,0,151.0,38.0,43.0,46.9,,Serbia
0,Chris Mepham,DF,24.0,3.0,1,0,0,7,1,1,0,1,6,0.0,0.0,0,8.0,7.0,2.0,77.8,Matches,Wales
1,Joe Rodon,DF,24.0,3.0,1,0,0,3,0,0,0,4,2,0.0,0.0,0,10.0,5.0,6.0,45.5,Matches,Wales
2,Aaron Ramsey,MF,31.0,3.0,1,0,0,3,3,0,5,0,0,0.0,0.0,0,19.0,0.0,2.0,0.0,Matches,Wales
3,Ethan Ampadu,"MF,DF",21.0,2.8,0,0,0,5,3,0,2,4,3,0.0,0.0,0,16.0,3.0,5.0,37.5,Matches,Wales
4,Ben Davies,DF,29.0,2.6,0,0,0,1,3,0,0,1,2,0.0,0.0,0,20.0,7.0,4.0,63.6,Matches,Wales
5,Gareth Bale,FW,32.0,2.5,1,0,0,2,5,2,2,1,1,1.0,0.0,0,9.0,4.0,7.0,36.4,Matches,Wales
6,Neco Williams,DF,21.0,2.3,0,0,0,3,5,0,5,4,3,0.0,0.0,0,16.0,2.0,1.0,66.7,Matches,Wales
7,Kieffer Moore,FW,29.0,2.5,0,0,0,5,4,1,0,2,0,0.0,0.0,0,7.0,11.0,6.0,64.7,Matches,Wales
8,Connor Roberts,DF,26.0,2.2,0,0,0,0,1,0,7,1,3,0.0,0.0,0,8.0,1.0,1.0,50.0,Matches,Wales
9,Wayne Hennessey,GK,35.0,1.9,0,1,0,1,0,0,0,0,0,0.0,0.0,0,0.0,1.0,0.0,100.0,Matches,Wales
10,Harry Wilson,"MF,FW",25.0,1.8,0,0,0,1,2,0,9,1,2,0.0,0.0,0,10.0,1.0,2.0,33.3,Matches,Wales
11,Daniel James,"FW,MF",24.0,1.7,1,0,0,1,2,0,4,0,1,0.0,0.0,0,4.0,0.0,1.0,0.0,Matches,Wales
12,Joe Allen,MF,32.0,1.0,0,0,0,0,2,0,0,1,1,0.0,0.0,0,9.0,0.0,1.0,0.0,Matches,Wales
13,Danny Ward,GK,28.0,1.0,0,0,0,0,0,0,0,0,0,0.0,0.0,0,2.0,0.0,0.0,,Matches,Wales
14,Brennan Johnson,"FW,MF",21.0,1.0,0,0,0,2,1,0,1,0,0,0.0,0.0,0,3.0,0.0,2.0,0.0,Matches,Wales
15,Joe Morrell,MF,25.0,0.4,0,0,0,1,1,0,0,1,2,0.0,0.0,0,4.0,0.0,1.0,0.0,Matches,Wales
16,Rubin Colwill,MF,20.0,0.1,0,0,0,0,0,0,0,0,0,0.0,0.0,0,1.0,0.0,0.0,,Matches,Wales
17,Sorba Thomas,MF,22.0,0.0,0,0,0,0,0,0,1,0,1,0.0,0.0,0,1.0,0.0,0.0,,Matches,Wales
18,Squad Total,,26.8,3.0,5,1,0,35,33,4,36,21,27,1.0,0.0,0,147.0,42.0,41.0,50.6,,Wales
19,Opponent Total,,26.6,3.0,6,0,0,34,33,4,68,25,25,0.0,1.0,0,161.0,41.0,42.0,49.4,,Wales
0,Milan Borjan,GK,34.0,3.0,0,0,0,0,0,0,0,0,0,0.0,0.0,0,3.0,0.0,0.0,,Matches,Canada
1,Alphonso Davies,"MF,DF",21.0,3.0,1,0,0,4,4,1,10,3,1,0.0,0.0,0,14.0,3.0,2.0,60.0,Matches,Canada
2,Alistair Johnston,DF,23.0,3.0,1,0,0,5,3,0,8,2,3,0.0,0.0,0,16.0,4.0,2.0,66.7,Matches,Canada
3,Kamal Miller,DF,25.0,3.0,1,0,0,0,3,0,0,4,4,0.0,0.0,0,14.0,7.0,5.0,58.3,Matches,Canada
4,Steven Vitória,DF,35.0,3.0,1,0,0,6,5,0,0,0,3,0.0,0.0,0,18.0,4.0,2.0,66.7,Matches,Canada
5,Tajon Buchanan,"MF,DF",23.0,2.9,1,0,0,6,6,2,8,3,1,0.0,0.0,0,14.0,1.0,2.0,33.3,Matches,Canada
6,Jonathan David,"FW,MF",22.0,2.1,0,0,0,0,1,0,0,0,1,0.0,0.0,0,5.0,1.0,2.0,33.3,Matches,Canada
7,Junior Hoilett,"FW,MF",32.0,1.8,1,0,0,1,5,1,13,1,4,0.0,0.0,0,8.0,0.0,0.0,,Matches,Canada
8,Richie Laryea,"DF,MF",27.0,1.8,0,0,0,1,2,2,1,0,1,0.0,0.0,0,11.0,0.0,1.0,0.0,Matches,Canada
9,Atiba Hutchinson,MF,39.0,1.8,0,0,0,2,2,0,0,1,1,0.0,0.0,0,10.0,5.0,0.0,100.0,Matches,Canada
10,Cyle Larin,FW,27.0,1.5,0,0,0,2,0,2,3,0,0,0.0,0.0,0,4.0,2.0,1.0,66.7,Matches,Canada
11,Stephen Eustáquio,MF,25.0,1.4,0,0,0,1,1,0,1,2,2,0.0,0.0,0,10.0,1.0,1.0,50.0,Matches,Canada
12,Jonathan Osorio,"MF,FW",30.0,1.3,1,0,0,1,2,0,0,1,1,0.0,0.0,0,5.0,0.0,1.0,0.0,Matches,Canada
13,Sam Adekugbe,DF,27.0,1.1,1,0,0,1,0,0,5,1,0,0.0,0.0,0,3.0,2.0,0.0,100.0,Matches,Canada
14,Mark-Anthony Kaye,MF,27.0,0.7,0,0,0,1,1,0,0,0,1,0.0,0.0,0,4.0,0.0,1.0,0.0,Matches,Canada
15,Ismaël Koné,"MF,DF",20.0,1.2,0,0,0,0,1,0,1,0,0,0.0,0.0,0,3.0,0.0,0.0,,Matches,Canada
16,Lucas Cavallini,FW,29.0,0.2,0,0,0,1,0,0,1,0,0,0.0,0.0,0,0.0,0.0,1.0,0.0,Matches,Canada
17,David Wotherspoon,MF,32.0,0.2,0,0,0,0,1,0,1,0,0,0.0,0.0,0,3.0,0.0,0.0,,Matches,Canada
18,Liam Millar,DF,22.0,0.1,0,0,0,1,0,0,2,0,0,0.0,0.0,0,0.0,0.0,0.0,,Matches,Canada
19,Squad Total,,27.3,3.0,8,0,0,33,37,8,54,18,23,0.0,0.0,0,145.0,30.0,21.0,58.8,,Canada
20,Opponent Total,,28.1,3.0,5,0,0,38,33,5,36,25,39,0.0,1.0,1,159.0,21.0,30.0,41.2,,Canada
0,Akram Afif,FW,25.0,3.0,1,0,0,2,6,1,13,0,0,0.0,0.0,0,14.0,1.0,1.0,50.0,Matches,Qatar
1,Abdelkarim Hassan,DF,28.0,3.0,0,0,0,1,4,1,6,1,3,0.0,0.0,0,11.0,3.0,1.0,75.0,Matches,Qatar
2,Boualem Khoukhi,DF,31.0,3.0,0,0,0,1,5,0,0,3,2,0.0,0.0,0,16.0,6.0,7.0,46.2,Matches,Qatar
3,Homam Ahmed,DF,22.0,2.9,1,0,0,5,8,0,5,2,2,0.0,0.0,0,14.0,5.0,2.0,71.4,Matches,Qatar
4,Ró-Ró,DF,31.0,2.9,0,0,0,4,5,0,3,8,4,0.0,0.0,0,14.0,3.0,2.0,60.0,Matches,Qatar
5,Almoez Ali,FW,25.0,2.5,1,0,0,2,2,3,0,1,0,0.0,0.0,0,6.0,2.0,9.0,18.2,Matches,Qatar
6,Hassan Al-Haydos,MF,31.0,2.3,0,0,0,4,0,1,4,2,1,0.0,0.0,0,12.0,0.0,2.0,0.0,Matches,Qatar
7,Abdulaziz Hatem,MF,31.0,2.2,0,0,0,4,1,0,1,1,1,0.0,0.0,0,4.0,1.0,2.0,33.3,Matches,Qatar
8,Karim Boudiaf,MF,31.0,2.1,1,0,0,2,1,0,0,0,1,0.0,0.0,0,12.0,6.0,7.0,46.2,Matches,Qatar
9,Meshaal Barsham,GK,24.0,2.0,0,0,0,0,0,0,0,0,0,0.0,0.0,0,1.0,0.0,1.0,0.0,Matches,Qatar
10,Ismail Mohamad,FW,32.0,1.9,1,0,0,1,6,1,8,2,2,,,0,,,,,Matches,Qatar
11,Assim Madibo,MF,25.0,1.7,1,0,0,1,1,0,0,2,3,0.0,0.0,0,15.0,1.0,0.0,100.0,Matches,Qatar
12,Bassam Al-Rawi,DF,24.0,1.0,0,0,0,1,2,0,0,0,0,0.0,0.0,0,3.0,1.0,0.0,100.0,Matches,Qatar
13,Saad Al Sheeb,GK,32.0,1.0,1,0,0,1,1,0,0,0,0,0.0,1.0,0,3.0,1.0,0.0,100.0,Matches,Qatar
14,Mohammed Muntari,"FW,MF",28.0,0.7,0,0,0,1,2,0,0,0,2,0.0,0.0,0,4.0,3.0,1.0,75.0,Matches,Qatar
15,Mohammed Waad,"MF,DF",22.0,0.3,0,0,0,1,0,0,1,1,0,0.0,0.0,0,1.0,0.0,0.0,,Matches,Qatar
16,Ali Assadalla,MF,29.0,0.3,0,0,0,0,0,0,0,0,0,0.0,0.0,0,1.0,0.0,0.0,,Matches,Qatar
17,Tarek Salman,DF,24.0,0.1,0,0,0,0,0,0,1,1,0,0.0,0.0,0,1.0,0.0,0.0,,Matches,Qatar
18,Ahmed Alaaeldin,FW,29.0,0.1,0,0,0,0,0,0,0,0,0,0.0,0.0,0,0.0,0.0,0.0,,Matches,Qatar
19,Musab Kheder,DF,28.0,0.1,0,0,0,0,1,0,0,0,1,0.0,0.0,0,0.0,0.0,0.0,,Matches,Qatar
20,Squad Total,,28.2,3.0,7,0,0,31,45,7,42,24,22,0.0,1.0,0,138.0,36.0,38.0,48.6,,Qatar
21,Opponent Total,,26.5,3.0,6,0,0,46,28,12,38,27,19,1.0,0.0,0,138.0,38.0,36.0,51.4,,Qatar
