,Player,Pos,Age,90s,Gls,Sh,SoT,SoT%,Sh/90,SoT/90,G/Sh,G/SoT,Dist,FK,PK,PKatt,xG,npxG,npxG/Sh,G-xG,np:G-xG,Matches,
0,Emiliano Martínez,GK,29.0,7.7,0,0,0,,0.0,0.0,,,,0.0,0,0,0.0,0.0,,0.0,0.0,Matches,Argentina
1,Lionel Messi,FW,34.0,7.7,7,27,13,48.1,3.52,1.7,0.11,0.23,20.9,3.0,4,5,6.6,2.7,0.1,0.4,0.3,Matches,Argentina
2,Nicolás Otamendi,DF,34.0,7.7,0,1,0,0.0,0.13,0.0,0.0,,12.3,0.0,0,0,0.0,0.0,0.03,0.0,0.0,Matches,Argentina
3,Rodrigo De Paul,MF,28.0,6.7,0,7,3,42.9,1.05,0.45,0.0,0.0,20.1,0.0,0,0,0.9,0.9,0.13,-0.9,-0.9,Matches,Argentina
4,Nahuel Molina,DF,24.0,6.3,1,2,1,50.0,0.32,0.16,0.5,1.0,16.2,0.0,0,0,0.5,0.5,0.23,0.5,0.5,Matches,Argentina
5,Alexis Mac Allister,MF,23.0,6.1,1,7,4,57.1,1.15,0.65,0.14,0.25,19.0,0.0,0,0,0.7,0.7,0.1,0.3,0.3,Matches,Argentina
6,Cristian Romero,DF,24.0,6.1,0,0,0,,0.0,0.0,,,,0.0,0,0,0.0,0.0,,0.0,0.0,Matches,Argentina
7,Enzo Fernández,MF,21.0,6.3,1,8,3,37.5,1.28,0.48,0.13,0.33,24.9,0.0,0,0,0.3,0.3,0.04,0.7,0.7,Matches,Argentina
8,Julián Álvarez,FW,22.0,5.2,4,11,8,72.7,2.13,1.55,0.36,0.5,12.2,0.0,0,0,2.6,2.6,0.24,1.4,1.4,Matches,Argentina
9,Marcos Acuña,"DF,FW",30.0,4.1,0,2,0,0.0,0.48,0.0,0.0,,17.9,0.0,0,0,0.1,0.1,0.04,-0.1,-0.1,Matches,Argentina
10,Ángel Di María,"MF,FW",34.0,3.2,1,6,3,50.0,1.87,0.94,0.17,0.33,20.7,0.0,0,0,0.6,0.6,0.11,0.4,0.4,Matches,Argentina
11,Nicolás Tagliafico,DF,29.0,4.1,0,3,1,33.3,0.72,0.24,0.0,0.0,11.3,0.0,0,0,1.0,1.0,0.34,-1.0,-1.0,Matches,Argentina
12,Lisandro Martínez,DF,24.0,3.4,0,1,0,0.0,0.3,0.0,0.0,,10.1,0.0,0,0,0.1,0.1,0.12,-0.1,-0.1,Matches,Argentina
13,Lautaro Martínez,FW,24.0,2.7,0,14,4,28.6,5.23,1.49,0.0,0.0,12.6,0.0,0,0,1.9,1.9,0.13,-1.9,-1.9,Matches,Argentina
14,Leandro Paredes,MF,27.0,2.5,0,1,1,100.0,0.4,0.4,0.0,0.0,30.6,0.0,0,0,0.0,0.0,0.03,0.0,0.0,Matches,Argentina
15,Papu Gómez,"MF,FW",34.0,1.2,0,2,0,0.0,1.68,0.0,0.0,,26.3,0.0,0,0,0.0,0.0,0.02,0.0,0.0,Matches,Argentina
16,Gonzalo Montiel,"DF,MF",25.0,1.3,0,1,0,0.0,0.76,0.0,0.0,,27.3,0.0,0,0,0.0,0.0,0.02,0.0,0.0,Matches,Argentina
17,Guido Rodríguez,MF,28.0,0.6,0,0,0,,0.0,0.0,,,,0.0,0,0,0.0,0.0,,0.0,0.0,Matches,Argentina
18,Germán Pezzella,DF,30.0,0.7,0,1,0,0.0,1.5,0.0,0.0,,10.0,0.0,0,0,0.1,0.1,0.07,-0.1,-0.1,Matches,Argentina
19,Exequiel Palacios,"MF,DF",23.0,0.6,0,1,0,0.0,1.8,0.0,0.0,,16.3,0.0,0,0,0.1,0.1,0.07,-0.1,-0.1,Matches,Argentina
20,Paulo Dybala,FW,28.0,0.2,0,0,0,,0.0,0.0,,,,0.0,0,0,0.0,0.0,,0.0,0.0,Matches,Argentina
21,Thiago Almada,MF,21.0,0.1,0,0,0,,0.0,0.0,,,,0.0,0,0,0.0,0.0,,0.0,0.0,Matches,Argentina
22,Ángel Correa,MF,27.0,0.1,0,0,0,,0.0,0.0,,,,0.0,0,0,0.0,0.0,,0.0,0.0,Matches,Argentina
23,Juan Foyth,DF,24.0,0.1,0,0,0,,0.0,0.0,,,,0.0,0,0,0.0,0.0,,0.0,0.0,Matches,Argentina
24,Squad Total,,27.5,7.7,15,95,41,43.2,12.39,5.35,0.12,0.27,18.2,3.0,4,5,15.1,11.3,0.12,-0.1,-0.3,,Argentina
25,Opponent Total,,27.5,7.7,7,42,11,26.2,5.48,1.43,0.12,0.45,19.9,3.0,2,2,4.6,3.1,0.07,2.4,1.9,,Argentina
0,Aurélien Tchouaméni,MF,22.0,6.9,1,6,2,33.3,0.87,0.29,0.17,0.5,23.7,0.0,0,0,0.3,0.3,0.06,0.7,0.7,Matches,France
1,Kylian Mbappé,FW,23.0,6.6,8,29,11,37.9,4.36,1.66,0.21,0.55,17.1,1.0,2,2,5.2,3.6,0.13,2.8,2.4,Matches,France
2,Hugo Lloris,GK,35.0,6.3,0,0,0,,0.0,0.0,,,,0.0,0,0,0.0,0.0,,0.0,0.0,Matches,France
3,Antoine Griezmann,MF,31.0,6.0,0,6,2,33.3,1.01,0.34,0.0,0.0,17.6,1.0,0,0,0.7,0.7,0.11,-0.7,-0.7,Matches,France
4,Raphaël Varane,DF,29.0,5.8,0,3,0,0.0,0.52,0.0,0.0,,7.2,0.0,0,0,0.3,0.3,0.12,-0.3,-0.3,Matches,France
5,Ousmane Dembélé,FW,25.0,4.8,0,8,2,25.0,1.66,0.42,0.0,0.0,20.2,0.0,0,0,0.5,0.5,0.06,-0.5,-0.5,Matches,France
6,Olivier Giroud,FW,35.0,4.7,4,16,6,37.5,3.44,1.29,0.25,0.67,11.0,0.0,0,0,3.4,3.4,0.21,0.6,0.6,Matches,France
7,Theo Hernández,DF,24.0,5.6,1,5,2,40.0,0.89,0.35,0.2,0.5,16.7,0.0,0,0,0.4,0.4,0.08,0.6,0.6,Matches,France
8,Adrien Rabiot,MF,27.0,5.4,1,9,4,44.4,1.68,0.75,0.11,0.25,13.4,0.0,0,0,1.0,1.0,0.12,0.0,0.0,Matches,France
9,Jules Koundé,DF,23.0,5.3,0,4,1,25.0,0.75,0.19,0.0,0.0,19.9,0.0,0,0,0.2,0.2,0.05,-0.2,-0.2,Matches,France
10,Dayot Upamecano,DF,23.0,5.3,0,1,0,0.0,0.19,0.0,0.0,,9.7,0.0,0,0,0.0,0.0,0.05,0.0,0.0,Matches,France
11,Ibrahima Konaté,DF,23.0,3.3,0,2,1,50.0,0.61,0.31,0.0,0.0,7.7,0.0,0,0,0.4,0.4,0.18,-0.4,-0.4,Matches,France
12,Youssouf Fofana,MF,23.0,2.5,0,4,0,0.0,1.59,0.0,0.0,,21.1,0.0,0,0,0.2,0.2,0.04,-0.2,-0.2,Matches,France
13,Randal Kolo Muani,FW,23.0,2.0,1,4,2,50.0,1.98,0.99,0.25,0.5,13.2,0.0,0,0,1.1,1.1,0.28,-0.1,-0.1,Matches,France
14,Kingsley Coman,"FW,MF",26.0,1.9,0,1,0,0.0,0.53,0.0,0.0,,10.7,0.0,0,0,0.2,0.2,0.16,-0.2,-0.2,Matches,France
15,Eduardo Camavinga,DF,19.0,1.6,0,0,0,,0.0,0.0,,,,0.0,0,0,0.0,0.0,,0.0,0.0,Matches,France
16,Axel Disasi,DF,24.0,1.0,0,1,0,0.0,0.98,0.0,0.0,,9.6,0.0,0,0,0.1,0.1,0.07,-0.1,-0.1,Matches,France
17,Steve Mandanda,GK,37.0,1.0,0,0,0,,0.0,0.0,,,,0.0,0,0,0.0,0.0,,0.0,0.0,Matches,France
18,Benjamin Pavard,DF,26.0,1.0,0,0,0,,0.0,0.0,,,,0.0,0,0,0.0,0.0,,0.0,0.0,Matches,France
19,Mattéo Guendouzi,"FW,MF",23.0,0.9,0,0,0,,0.0,0.0,,,,0.0,0,0,0.0,0.0,,0.0,0.0,Matches,France
20,Jordan Veretout,MF,29.0,0.7,0,0,0,,0.0,0.0,,,,0.0,0,0,0.0,0.0,,0.0,0.0,Matches,France
21,Lucas Hernández,DF,26.0,0.1,0,0,0,,0.0,0.0,,,,0.0,0,0,0.0,0.0,,0.0,0.0,Matches,France
22,Marcus Thuram,"FW,MF",24.0,1.7,0,1,0,0.0,0.6,0.0,0.0,,5.4,0.0,0,0,0.2,0.2,0.22,-0.2,-0.2,Matches,France
23,William Saliba,DF,21.0,0.3,0,0,0,,0.0,0.0,,,,0.0,0,0,0.0,0.0,,0.0,0.0,Matches,France
24,Squad Total,,26.3,7.3,16,100,33,33.0,13.64,4.5,0.14,0.42,15.8,2.0,2,2,13.8,12.2,0.13,2.2,1.8,,France
25,Opponent Total,,26.8,7.3,8,76,24,31.6,10.36,3.27,0.07,0.21,19.3,3.0,3,4,9.9,6.8,0.09,-1.9,-1.8,,France
0,Joško Gvardiol,DF,20.0,7.7,1,2,1,50.0,0.26,0.13,0.5,1.0,16.8,0.0,0,0,0.1,0.1,0.07,0.9,0.9,Matches,Croatia
1,Dominik Livaković,GK,27.0,7.7,0,0,0,,0.0,0.0,,,,0.0,0,0,0.0,0.0,,0.0,0.0,Matches,Croatia
2,Ivan Perišić,"FW,DF",33.0,7.4,1,16,4,25.0,2.15,0.54,0.06,0.25,20.0,1.0,0,0,0.9,0.9,0.06,0.1,0.1,Matches,Croatia
3,Luka Modrić,MF,36.0,7.3,0,6,4,66.7,0.83,0.55,0.0,0.0,21.1,0.0,0,0,0.4,0.4,0.06,-0.4,-0.4,Matches,Croatia
4,Mateo Kovačić,MF,28.0,7.1,0,3,1,33.3,0.43,0.14,0.0,0.0,17.0,0.0,0,0,0.3,0.3,0.11,-0.3,-0.3,Matches,Croatia
5,Andrej Kramarić,"FW,MF",30.0,5.3,2,10,4,40.0,1.9,0.76,0.2,0.5,15.1,0.0,0,0,1.6,1.6,0.16,0.4,0.4,Matches,Croatia
6,Josip Juranović,DF,26.0,6.7,0,1,0,0.0,0.15,0.0,0.0,,18.1,0.0,0,0,0.0,0.0,0.03,0.0,0.0,Matches,Croatia
7,Dejan Lovren,DF,32.0,6.7,0,4,0,0.0,0.6,0.0,0.0,,14.8,0.0,0,0,0.3,0.3,0.06,-0.3,-0.3,Matches,Croatia
8,Marcelo Brozović,MF,29.0,6.1,0,4,2,50.0,0.65,0.33,0.0,0.0,17.4,0.0,0,0,0.5,0.5,0.13,-0.5,-0.5,Matches,Croatia
9,Borna Sosa,DF,24.0,4.7,0,2,0,0.0,0.42,0.0,0.0,,28.4,0.0,0,0,0.1,0.1,0.03,-0.1,-0.1,Matches,Croatia
10,Marko Livaja,FW,28.0,2.7,1,6,4,66.7,2.24,1.49,0.17,0.25,15.1,0.0,0,0,0.8,0.8,0.13,0.2,0.2,Matches,Croatia
11,Mario Pašalić,"FW,MF",27.0,3.0,0,3,0,0.0,1.0,0.0,0.0,,7.8,0.0,0,0,0.3,0.3,0.09,-0.3,-0.3,Matches,Croatia
12,Bruno Petković,FW,27.0,2.6,1,1,1,100.0,0.38,0.38,1.0,1.0,16.2,0.0,0,0,0.1,0.1,0.12,0.9,0.9,Matches,Croatia
13,Nikola Vlašić,"FW,MF",24.0,2.3,0,5,1,20.0,2.15,0.43,0.0,0.0,17.2,0.0,0,0,0.4,0.4,0.09,-0.4,-0.4,Matches,Croatia
14,Mislav Oršić,FW,29.0,1.8,1,9,2,22.2,5.0,1.11,0.11,0.5,22.5,0.0,0,0,0.4,0.4,0.04,0.6,0.6,Matches,Croatia
15,Lovro Majer,"MF,FW",24.0,1.4,1,4,2,50.0,2.77,1.38,0.25,0.5,23.2,0.0,0,0,0.7,0.7,0.18,0.3,0.3,Matches,Croatia
16,Borna Barišić,DF,29.0,1.3,0,1,0,0.0,0.75,0.0,0.0,,24.8,0.0,0,0,0.0,0.0,0.02,0.0,0.0,Matches,Croatia
17,Josip Stanišić,DF,22.0,1.0,0,1,0,0.0,1.0,0.0,0.0,,28.6,0.0,0,0,0.0,0.0,0.02,0.0,0.0,Matches,Croatia
18,Josip Šutalo,DF,22.0,1.0,0,0,0,,0.0,0.0,,,,0.0,0,0,0.0,0.0,,0.0,0.0,Matches,Croatia
19,Ante Budimir,FW,30.0,0.6,0,1,0,0.0,1.64,0.0,0.0,,10.8,0.0,0,0,0.2,0.2,0.18,-0.2,-0.2,Matches,Croatia
20,Kristijan Jakić,FW,25.0,0.0,0,0,0,,0.0,0.0,,,,0.0,0,0,0.0,0.0,,0.0,0.0,Matches,Croatia
21,Squad Total,,28.3,7.7,8,79,26,32.9,10.3,3.39,0.1,0.31,18.5,1.0,0,0,7.0,7.0,0.09,1.0,1.0,,Croatia
22,Opponent Total,,27.5,7.7,7,83,30,36.1,10.83,3.91,0.07,0.2,17.2,4.0,1,1,11.0,10.3,0.13,-4.0,-4.3,,Croatia
0,Sofyan Amrabat,MF,25.0,7.3,0,1,0,0.0,0.14,0.0,0.0,,28.8,0.0,0,0,0.0,0.0,0.03,0.0,0.0,Matches,Morocco
1,Hakim Ziyech,FW,29.0,7.1,1,10,2,20.0,1.42,0.28,0.1,0.5,27.2,1.0,0,0,0.4,0.4,0.04,0.6,0.6,Matches,Morocco
2,Achraf Hakimi,DF,23.0,7.0,0,4,1,25.0,0.57,0.14,0.0,0.0,26.5,1.0,0,0,0.1,0.1,0.03,-0.1,-0.1,Matches,Morocco
3,Youssef En-Nesyri,FW,25.0,6.0,2,9,3,33.3,1.49,0.5,0.22,0.67,9.1,0.0,0,0,1.2,1.2,0.14,0.8,0.8,Matches,Morocco
4,Sofiane Boufal,FW,28.0,5.3,0,7,1,14.3,1.33,0.19,0.0,0.0,21.0,0.0,0,0,0.3,0.3,0.04,-0.3,-0.3,Matches,Morocco
5,Yassine Bounou,GK,31.0,6.3,0,0,0,,0.0,0.0,,,,0.0,0,0,0.0,0.0,,0.0,0.0,Matches,Morocco
6,Azzedine Ounahi,MF,22.0,6.3,0,6,1,16.7,0.95,0.16,0.0,0.0,23.7,0.0,0,0,0.3,0.3,0.05,-0.3,-0.3,Matches,Morocco
7,Romain Saïss,DF,32.0,5.2,1,1,1,100.0,0.19,0.19,1.0,1.0,0.9,0.0,0,0,0.8,0.8,0.79,0.2,0.2,Matches,Morocco
8,Noussair Mazraoui,DF,24.0,4.1,0,4,2,50.0,0.99,0.49,0.0,0.0,24.4,0.0,0,0,0.2,0.2,0.04,-0.2,-0.2,Matches,Morocco
9,Selim Amallah,MF,25.0,4.5,0,2,0,0.0,0.44,0.0,0.0,,13.3,0.0,0,0,0.2,0.2,0.11,-0.2,-0.2,Matches,Morocco
10,Nayef Aguerd,DF,26.0,3.9,0,1,0,0.0,0.25,0.0,0.0,,8.0,0.0,0,0,0.2,0.2,0.17,-0.2,-0.2,Matches,Morocco
11,Jawad El Yamiq,DF,30.0,3.4,0,2,1,50.0,0.58,0.29,0.0,0.0,12.4,0.0,0,0,0.1,0.1,0.05,-0.1,-0.1,Matches,Morocco
12,Yahya Attiat Allah,DF,27.0,3.5,0,2,0,0.0,0.57,0.0,0.0,,13.0,0.0,0,0,0.2,0.2,0.11,-0.2,-0.2,Matches,Morocco
13,Achraf Dari,DF,23.0,2.1,1,1,1,100.0,0.48,0.48,1.0,1.0,4.1,0.0,0,0,0.6,0.6,0.63,0.4,0.4,Matches,Morocco
14,Abdelhamid Sabiri,MF,25.0,2.0,0,3,0,0.0,1.49,0.0,0.0,,34.2,1.0,0,0,0.1,0.1,0.04,-0.1,-0.1,Matches,Morocco
15,Munir,GK,33.0,1.0,0,0,0,,0.0,0.0,,,,0.0,0,0,0.0,0.0,,0.0,0.0,Matches,Morocco
16,Bilal El Khannous,MF,18.0,0.6,0,0,0,,0.0,0.0,,,,0.0,0,0,0.0,0.0,,0.0,0.0,Matches,Morocco
17,Abdessamad Ezzalzouli,"FW,MF",20.0,1.0,0,1,0,0.0,0.97,0.0,0.0,,13.7,0.0,0,0,0.1,0.1,0.06,-0.1,-0.1,Matches,Morocco
18,Zakaria Aboukhlal,"FW,MF",22.0,0.9,1,3,2,66.7,3.42,2.28,0.33,0.5,14.9,0.0,0,0,1.0,1.0,0.33,0.0,0.0,Matches,Morocco
19,Abderrazak Hamdallah,FW,31.0,0.8,0,2,1,50.0,2.65,1.32,0.0,0.0,7.8,0.0,0,0,0.4,0.4,0.2,-0.4,-0.4,Matches,Morocco
20,Walid Cheddira,FW,24.0,0.7,0,2,1,50.0,2.81,1.41,0.0,0.0,9.8,0.0,0,0,0.5,0.5,0.23,-0.5,-0.5,Matches,Morocco
21,Badr Banoun,DF,28.0,0.6,0,0,0,,0.0,0.0,,,,0.0,0,0,0.0,0.0,,0.0,0.0,Matches,Morocco
22,Ilias Chair,MF,24.0,0.5,0,0,0,,0.0,0.0,,,,0.0,0,0,0.0,0.0,,0.0,0.0,Matches,Morocco
23,Anass Zaroury,FW,21.0,0.3,0,0,0,,0.0,0.0,,,,0.0,0,0,0.0,0.0,,0.0,0.0,Matches,Morocco
24,Yahya Jabrane,MF,30.0,0.2,0,0,0,,0.0,0.0,,,,,0,0,,,,,,Matches,Morocco
25,Squad Total,,26.3,7.3,6,61,17,27.9,8.32,2.32,0.1,0.35,19.1,3.0,0,0,6.6,6.6,0.11,-0.6,-0.6,,Morocco
26,Opponent Total,,27.2,7.3,4,71,14,19.7,9.68,1.91,0.06,0.29,16.7,1.0,0,0,7.4,7.4,0.11,-3.4,-3.4,,Morocco
0,Andries Noppert,GK,28.0,5.3,0,0,0,,0.0,0.0,,,,0.0,0,0,0.0,0.0,,0.0,0.0,Matches,Netherlands
1,Virgil van Dijk,DF,30.0,5.3,0,3,0,0.0,0.56,0.0,0.0,,10.6,0.0,0,0,0.2,0.2,0.06,-0.2,-0.2,Matches,Netherlands
2,Nathan Aké,DF,27.0,5.3,0,0,0,,0.0,0.0,,,,0.0,0,0,0.0,0.0,,0.0,0.0,Matches,Netherlands
3,Denzel Dumfries,DF,26.0,5.3,1,1,1,100.0,0.19,0.19,1.0,1.0,8.7,0.0,0,0,0.4,0.4,0.38,0.6,0.6,Matches,Netherlands
4,Frenkie de Jong,MF,25.0,5.3,1,2,1,50.0,0.38,0.19,0.5,1.0,14.2,0.0,0,0,0.9,0.9,0.44,0.1,0.1,Matches,Netherlands
5,Cody Gakpo,"FW,MF",23.0,5.0,3,5,3,60.0,1.0,0.6,0.6,1.0,19.9,0.0,0,0,0.3,0.3,0.06,2.7,2.7,Matches,Netherlands
6,Daley Blind,DF,32.0,4.7,1,5,2,40.0,1.06,0.43,0.2,0.5,12.3,0.0,0,0,0.4,0.4,0.08,0.6,0.6,Matches,Netherlands
7,Jurriën Timber,DF,20.0,4.3,0,0,0,,0.0,0.0,,,,0.0,0,0,0.0,0.0,,0.0,0.0,Matches,Netherlands
8,Memphis,FW,28.0,3.3,1,10,5,50.0,3.03,1.52,0.1,0.2,15.0,0.0,0,0,1.5,1.5,0.15,-0.5,-0.5,Matches,Netherlands
9,Steven Bergwijn,FW,24.0,2.4,0,2,0,0.0,0.85,0.0,0.0,,15.5,0.0,0,0,0.5,0.5,0.25,-0.5,-0.5,Matches,Netherlands
10,Davy Klaassen,"MF,FW",29.0,2.1,1,2,1,50.0,0.95,0.47,0.5,1.0,9.9,0.0,0,0,0.2,0.2,0.12,0.8,0.8,Matches,Netherlands
11,Marten de Roon,MF,31.0,2.0,0,0,0,,0.0,0.0,,,,0.0,0,0,0.0,0.0,,0.0,0.0,Matches,Netherlands
12,Teun Koopmeiners,MF,24.0,2.4,0,2,1,50.0,0.82,0.41,0.0,0.0,27.6,0.0,0,0,0.1,0.1,0.04,-0.1,-0.1,Matches,Netherlands
13,Steven Berghuis,MF,30.0,2.2,0,5,0,0.0,2.25,0.0,0.0,,22.5,1.0,0,0,0.3,0.3,0.05,-0.3,-0.3,Matches,Netherlands
14,Matthijs de Ligt,DF,22.0,1.0,0,0,0,,0.0,0.0,,,,0.0,0,0,0.0,0.0,,0.0,0.0,Matches,Netherlands
15,Vincent Janssen,FW,27.0,1.0,0,2,0,0.0,2.09,0.0,0.0,,21.0,0.0,0,0,0.1,0.1,0.04,-0.1,-0.1,Matches,Netherlands
16,Wout Weghorst,FW,29.0,0.7,2,2,2,100.0,2.81,2.81,1.0,1.0,12.0,0.0,0,0,0.2,0.2,0.1,1.8,1.8,Matches,Netherlands
17,Luuk de Jong,FW,31.0,0.6,0,1,0,0.0,1.58,0.0,0.0,,13.0,0.0,0,0,0.1,0.1,0.08,-0.1,-0.1,Matches,Netherlands
18,Xavi Simons,"FW,MF",19.0,0.1,0,0,0,,0.0,0.0,,,,0.0,0,0,0.0,0.0,,0.0,0.0,Matches,Netherlands
19,Noa Lang,MF,22.0,0.1,0,0,0,,0.0,0.0,,,,0.0,0,0,0.0,0.0,,0.0,0.0,Matches,Netherlands
20,Kenneth Taylor,MF,20.0,0.1,0,0,0,,0.0,0.0,,,,0.0,0,0,0.0,0.0,,0.0,0.0,Matches,Netherlands
21,Squad Total,,26.8,5.3,10,42,16,38.1,7.88,3.0,0.24,0.63,16.1,1.0,0,0,4.6,4.6,0.12,5.4,5.4,,Netherlands
22,Opponent Total,,26.4,5.3,4,65,21,32.3,12.19,3.94,0.05,0.14,19.4,1.0,1,1,6.1,5.3,0.08,-2.1,-2.3,,Netherlands
0,Jordan Pickford,GK,28.0,5.0,0,0,0,,0.0,0.0,,,,0.0,0,0,0.0,0.0,,0.0,0.0,Matches,England
1,John Stones,DF,28.0,4.8,0,4,1,25.0,0.83,0.21,0.0,0.0,9.6,0.0,0,0,0.4,0.4,0.09,-0.4,-0.4,Matches,England
2,Harry Maguire,DF,29.0,4.8,0,6,1,16.7,1.26,0.21,0.0,0.0,10.0,0.0,0,0,0.4,0.4,0.06,-0.4,-0.4,Matches,England
3,Luke Shaw,DF,26.0,4.7,0,3,1,33.3,0.64,0.21,0.0,0.0,23.1,1.0,0,0,0.1,0.1,0.03,-0.1,-0.1,Matches,England
4,Declan Rice,MF,23.0,4.6,0,0,0,,0.0,0.0,,,,0.0,0,0,0.0,0.0,,0.0,0.0,Matches,England
5,Jude Bellingham,MF,18.0,4.6,1,5,3,60.0,1.09,0.65,0.2,0.33,12.4,0.0,0,0,0.6,0.6,0.11,0.4,0.4,Matches,England
6,Harry Kane,FW,28.0,4.5,2,10,5,50.0,2.24,1.12,0.1,0.2,20.4,0.0,1,2,2.7,1.1,0.11,-0.7,-0.1,Matches,England
7,Bukayo Saka,FW,20.0,3.2,3,7,5,71.4,2.19,1.56,0.43,0.6,14.9,0.0,0,0,0.6,0.6,0.09,2.4,2.4,Matches,England
8,Jordan Henderson,MF,31.0,3.0,1,2,1,50.0,0.66,0.33,0.5,1.0,18.5,0.0,0,0,0.2,0.2,0.08,0.8,0.8,Matches,England
9,Phil Foden,"FW,MF",22.0,2.9,1,6,1,16.7,2.09,0.35,0.17,1.0,13.8,0.0,0,0,1.1,1.1,0.18,-0.1,-0.1,Matches,England
10,Kyle Walker,DF,32.0,2.6,0,0,0,,0.0,0.0,,,,0.0,0,0,0.0,0.0,,0.0,0.0,Matches,England
11,Kieran Trippier,DF,31.0,2.3,0,1,0,0.0,0.44,0.0,0.0,,27.2,1.0,0,0,0.0,0.0,0.05,0.0,0.0,Matches,England
12,Mason Mount,MF,23.0,2.1,0,4,1,25.0,1.94,0.48,0.0,0.0,23.0,0.0,0,0,0.2,0.2,0.05,-0.2,-0.2,Matches,England
13,Raheem Sterling,FW,27.0,1.7,1,1,1,100.0,0.6,0.6,1.0,1.0,9.3,0.0,0,0,0.4,0.4,0.37,0.6,0.6,Matches,England
14,Marcus Rashford,FW,24.0,1.6,3,11,6,54.5,7.07,3.86,0.27,0.5,16.6,2.0,0,0,1.6,1.6,0.15,1.4,1.4,Matches,England
15,Jack Grealish,FW,26.0,1.0,1,1,1,100.0,1.05,1.05,1.0,1.0,8.8,0.0,0,0,0.6,0.6,0.65,0.4,0.4,Matches,England
16,Callum Wilson,FW,30.0,0.5,0,0,0,,0.0,0.0,,,,0.0,0,0,0.0,0.0,,0.0,0.0,Matches,England
17,Kalvin Phillips,MF,26.0,0.5,0,0,0,,0.0,0.0,,,,0.0,0,0,0.0,0.0,,0.0,0.0,Matches,England
18,Eric Dier,DF,28.0,0.4,0,0,0,,0.0,0.0,,,,0.0,0,0,0.0,0.0,,0.0,0.0,Matches,England
19,Trent Alexander-Arnold,DF,23.0,0.4,0,0,0,,0.0,0.0,,,,0.0,0,0,0.0,0.0,,0.0,0.0,Matches,England
20,Squad Total,,26.1,5.0,13,61,27,44.3,12.2,5.4,0.2,0.44,16.0,4.0,1,2,8.7,7.1,0.12,4.3,4.9,,England
21,Opponent Total,,26.5,5.0,4,42,10,23.8,8.4,2.0,0.07,0.3,20.0,3.0,1,1,4.0,3.7,0.09,0.0,-0.7,,England
0,Marquinhos,DF,28.0,4.7,0,2,0,0.0,0.42,0.0,0.0,,10.4,0.0,0,0,0.2,0.2,0.08,-0.2,-0.2,Matches,Brazil
1,Casemiro,MF,30.0,4.3,1,9,3,33.3,2.08,0.69,0.11,0.33,26.0,1.0,0,0,0.4,0.4,0.05,0.6,0.6,Matches,Brazil
2,Thiago Silva,DF,37.0,4.3,0,2,0,0.0,0.46,0.0,0.0,,8.0,0.0,0,0,0.2,0.2,0.08,-0.2,-0.2,Matches,Brazil
3,Alisson,GK,29.0,4.2,0,0,0,,0.0,0.0,,,,0.0,0,0,0.0,0.0,,0.0,0.0,Matches,Brazil
4,Éder Militão,DF,24.0,3.9,0,5,1,20.0,1.3,0.26,0.0,0.0,20.2,0.0,0,0,0.2,0.2,0.04,-0.2,-0.2,Matches,Brazil
5,Richarlison,FW,25.0,3.6,3,8,4,50.0,2.23,1.11,0.38,0.75,12.1,0.0,0,0,2.1,2.1,0.26,0.9,0.9,Matches,Brazil
6,Raphinha,FW,25.0,3.5,0,8,6,75.0,2.29,1.71,0.0,0.0,19.1,1.0,0,0,1.2,1.2,0.15,-1.2,-1.2,Matches,Brazil
7,Lucas Paquetá,MF,24.0,3.5,1,4,4,100.0,1.15,1.15,0.25,0.25,11.7,0.0,0,0,0.8,0.8,0.21,0.2,0.2,Matches,Brazil
8,Vinicius Júnior,FW,21.0,3.3,1,9,4,44.4,2.71,1.2,0.11,0.25,15.0,0.0,0,0,1.0,1.0,0.11,0.0,0.0,Matches,Brazil
9,Danilo,DF,30.0,3.1,0,2,0,0.0,0.64,0.0,0.0,,27.7,0.0,0,0,0.0,0.0,0.02,0.0,0.0,Matches,Brazil
10,Neymar,MF,30.0,3.1,2,11,6,54.5,3.55,1.94,0.09,0.17,19.2,3.0,1,1,2.7,1.9,0.18,-0.7,-0.9,Matches,Brazil
11,Alex Sandro,DF,31.0,2.1,0,1,0,0.0,0.47,0.0,0.0,,33.5,0.0,0,0,0.0,0.0,0.03,0.0,0.0,Matches,Brazil
12,Fred,MF,29.0,1.6,0,3,1,33.3,1.9,0.63,0.0,0.0,18.3,0.0,0,0,0.3,0.3,0.11,-0.3,-0.3,Matches,Brazil
13,Rodrygo,"MF,FW",21.0,2.0,0,6,2,33.3,2.98,0.99,0.0,0.0,18.7,1.0,0,0,0.4,0.4,0.07,-0.4,-0.4,Matches,Brazil
14,Antony,FW,22.0,1.9,0,6,2,33.3,3.14,1.05,0.0,0.0,22.2,0.0,0,0,0.2,0.2,0.04,-0.2,-0.2,Matches,Brazil
15,Dani Alves,DF,39.0,1.3,0,3,0,0.0,2.29,0.0,0.0,,21.9,1.0,0,0,0.2,0.2,0.06,-0.2,-0.2,Matches,Brazil
16,Martinelli,FW,20.0,1.3,0,4,3,75.0,3.19,2.39,0.0,0.0,13.2,0.0,0,0,0.5,0.5,0.13,-0.5,-0.5,Matches,Brazil
17,Gleison Bremer,DF,25.0,1.2,0,1,0,0.0,0.83,0.0,0.0,,5.5,0.0,0,0,0.2,0.2,0.17,-0.2,-0.2,Matches,Brazil
18,Gabriel Jesus,FW,25.0,1.0,0,2,1,50.0,1.94,0.97,0.0,0.0,8.8,0.0,0,0,0.4,0.4,0.18,-0.4,-0.4,Matches,Brazil
19,Ederson,GK,28.0,1.0,0,0,0,,0.0,0.0,,,,0.0,0,0,0.0,0.0,,0.0,0.0,Matches,Brazil
20,Fabinho,MF,28.0,1.0,0,0,0,,0.0,0.0,,,,0.0,0,0,0.0,0.0,,0.0,0.0,Matches,Brazil
21,Alex Telles,DF,29.0,0.7,0,0,0,,0.0,0.0,,,,0.0,0,0,0.0,0.0,,0.0,0.0,Matches,Brazil
22,Bruno Guimarães,MF,24.0,0.8,0,5,2,40.0,6.52,2.61,0.0,0.0,12.4,0.0,0,0,0.7,0.7,0.14,-0.7,-0.7,Matches,Brazil
23,Pedro,FW,24.0,0.7,0,4,1,25.0,5.63,1.41,0.0,0.0,12.9,0.0,0,0,0.5,0.5,0.13,-0.5,-0.5,Matches,Brazil
24,Everton Ribeiro,MF,33.0,0.4,0,0,0,,0.0,0.0,,,,0.0,0,0,0.0,0.0,,0.0,0.0,Matches,Brazil
25,Wéverton,GK,34.0,0.1,0,0,0,,0.0,0.0,,,,0.0,0,0,0.0,0.0,,0.0,0.0,Matches,Brazil
26,Squad Total,,27.6,5.3,8,95,40,42.1,17.81,7.5,0.07,0.18,17.5,7.0,1,1,12.0,11.2,0.12,-4.0,-4.2,,Brazil
27,Opponent Total,,27.5,5.3,3,35,10,28.6,6.56,1.87,0.09,0.3,19.1,0.0,0,0,2.0,2.0,0.06,1.0,1.0,,Brazil
0,Diogo Costa,GK,22.0,5.0,0,0,0,,0.0,0.0,,,,0.0,0,0,0.0,0.0,,0.0,0.0,Matches,Portugal
1,Rúben Dias,DF,25.0,4.0,0,1,0,0.0,0.25,0.0,0.0,,12.0,0.0,0,0,0.0,0.0,0.03,0.0,0.0,Matches,Portugal
2,Pepe,DF,39.0,4.0,1,3,1,33.3,0.75,0.25,0.33,1.0,7.3,0.0,0,0,0.4,0.4,0.15,0.6,0.6,Matches,Portugal
3,Bruno Fernandes,"FW,MF",27.0,4.0,2,7,2,28.6,1.77,0.51,0.14,0.5,24.5,0.0,1,1,1.1,0.3,0.05,0.9,0.7,Matches,Portugal
4,Bernardo Silva,MF,27.0,4.0,0,1,0,0.0,0.25,0.0,0.0,,10.7,0.0,0,0,0.2,0.2,0.18,-0.2,-0.2,Matches,Portugal
5,João Félix,FW,22.0,3.7,1,11,3,27.3,2.99,0.82,0.09,0.33,18.6,0.0,0,0,0.9,0.9,0.08,0.1,0.1,Matches,Portugal
6,Rúben Neves,MF,25.0,3.0,0,2,0,0.0,0.67,0.0,0.0,,27.0,0.0,0,0,0.1,0.1,0.04,-0.1,-0.1,Matches,Portugal
7,João Cancelo,DF,28.0,3.4,0,2,1,50.0,0.58,0.29,0.0,0.0,15.4,0.0,0,0,0.0,0.0,0.02,0.0,0.0,Matches,Portugal
8,Cristiano Ronaldo,FW,37.0,3.2,1,10,2,20.0,3.1,0.62,0.0,0.0,21.0,2.0,1,1,1.6,0.8,0.08,-0.6,-0.8,Matches,Portugal
9,Raphaël Guerreiro,DF,28.0,3.1,1,3,1,33.3,0.97,0.32,0.33,1.0,17.7,0.0,0,0,0.4,0.4,0.12,0.6,0.6,Matches,Portugal
10,Diogo Dalot,DF,23.0,2.9,0,1,1,100.0,0.35,0.35,0.0,0.0,29.8,0.0,0,0,0.0,0.0,0.04,0.0,0.0,Matches,Portugal
11,Otávio,MF,27.0,2.2,0,3,2,66.7,1.38,0.92,0.0,0.0,23.2,0.0,0,0,0.1,0.1,0.04,-0.1,-0.1,Matches,Portugal
12,William Carvalho,MF,30.0,2.4,0,1,0,0.0,0.42,0.0,0.0,,15.8,0.0,0,0,0.1,0.1,0.07,-0.1,-0.1,Matches,Portugal
13,Gonçalo Ramos,"FW,MF",20.0,1.7,3,7,5,71.4,4.14,2.96,0.43,0.6,11.3,0.0,0,0,1.6,1.6,0.22,1.4,1.4,Matches,Portugal
14,Vitinha,MF,22.0,1.3,0,2,2,100.0,1.5,1.5,0.0,0.0,28.2,0.0,0,0,0.1,0.1,0.04,-0.1,-0.1,Matches,Portugal
15,Ricardo Horta,FW,27.0,1.3,1,3,2,66.7,2.27,1.51,0.33,0.5,13.5,0.0,0,0,0.8,0.8,0.25,0.2,0.2,Matches,Portugal
16,Danilo Pereira,DF,30.0,1.0,0,0,0,,0.0,0.0,,,,0.0,0,0,0.0,0.0,,0.0,0.0,Matches,Portugal
17,António Silva,DF,18.0,1.0,0,0,0,,0.0,0.0,,,,0.0,0,0,0.0,0.0,,0.0,0.0,Matches,Portugal
18,João Mário,"FW,MF",29.0,0.9,0,0,0,,0.0,0.0,,,,0.0,0,0,0.0,0.0,,0.0,0.0,Matches,Portugal
19,Matheus Nunes,MF,23.0,0.8,0,1,0,0.0,1.23,0.0,0.0,,30.8,0.0,0,0,0.0,0.0,0.02,0.0,0.0,Matches,Portugal
20,Nuno Mendes,DF,19.0,0.5,0,0,0,,0.0,0.0,,,,0.0,0,0,0.0,0.0,,0.0,0.0,Matches,Portugal
21,Rafael Leão,FW,23.0,1.0,2,5,2,40.0,5.11,2.05,0.4,1.0,21.2,0.0,0,0,0.4,0.4,0.08,1.6,1.6,Matches,Portugal
22,João Palhinha,MF,26.0,0.4,0,1,0,0.0,2.37,0.0,0.0,,33.2,0.0,0,0,0.0,0.0,0.03,0.0,0.0,Matches,Portugal
23,André Silva,FW,26.0,0.3,0,0,0,,0.0,0.0,,,,0.0,0,0,0.0,0.0,,0.0,0.0,Matches,Portugal
24,Squad Total,,26.9,5.0,12,64,24,37.5,12.8,4.8,0.16,0.42,19.2,2.0,2,2,7.8,6.2,0.1,4.2,3.8,,Portugal
25,Opponent Total,,27.3,5.0,6,52,17,32.7,10.4,3.4,0.12,0.35,19.1,2.0,0,0,6.5,6.5,0.13,-0.5,-0.5,,Portugal
0,Shūichi Gonda,GK,33.0,4.3,0,0,0,,0.0,0.0,,,,0.0,0,0,0.0,0.0,,0.0,0.0,Matches,Japan
1,Maya Yoshida,DF,33.0,4.3,0,0,0,,0.0,0.0,,,,0.0,0,0,0.0,0.0,,0.0,0.0,Matches,Japan
2,Daichi Kamada,"FW,MF",25.0,3.6,0,6,1,16.7,1.68,0.28,0.0,0.0,17.5,1.0,0,0,0.6,0.6,0.11,-0.6,-0.6,Matches,Japan
3,Yuto Nagatomo,"MF,DF",35.0,2.3,0,0,0,,0.0,0.0,,,,0.0,0,0,0.0,0.0,,0.0,0.0,Matches,Japan
4,Junya Ito,"MF,FW",29.0,3.6,0,2,1,50.0,0.56,0.28,0.0,0.0,11.1,0.0,0,0,0.2,0.2,0.09,-0.2,-0.2,Matches,Japan
5,Wataru Endo,MF,29.0,3.4,0,6,1,16.7,1.78,0.3,0.0,0.0,25.5,0.0,0,0,0.2,0.2,0.03,-0.2,-0.2,Matches,Japan
6,Hidemasa Morita,MF,27.0,3.2,0,3,1,33.3,0.95,0.32,0.0,0.0,22.9,0.0,0,0,0.2,0.2,0.05,-0.2,-0.2,Matches,Japan
7,Ko Itakura,DF,25.0,3.0,0,3,1,33.3,1.0,0.33,0.0,0.0,14.6,0.0,0,0,0.2,0.2,0.05,-0.2,-0.2,Matches,Japan
8,Daizen Maeda,FW,24.0,2.0,1,2,1,50.0,1.0,0.5,0.5,1.0,9.5,0.0,0,0,0.5,0.5,0.24,0.5,0.5,Matches,Japan
9,Ritsu Doan,FW,23.0,2.4,2,4,3,75.0,1.66,1.24,0.5,0.67,20.1,0.0,0,0,0.5,0.5,0.13,1.5,1.5,Matches,Japan
10,Shogo Taniguchi,DF,30.0,2.3,0,2,0,0.0,0.86,0.0,0.0,,8.0,0.0,0,0,0.2,0.2,0.12,-0.2,-0.2,Matches,Japan
11,Ao Tanaka,MF,23.0,1.9,1,1,1,100.0,0.53,0.53,1.0,1.0,1.5,0.0,0,0,1.0,1.0,0.96,0.0,0.0,Matches,Japan
12,Takefusa Kubo,FW,21.0,1.0,0,0,0,,0.0,0.0,,,,0.0,0,0,0.0,0.0,,0.0,0.0,Matches,Japan
13,Takehiro Tomiyasu,"DF,MF",23.0,2.1,0,0,0,,0.0,0.0,,,,0.0,0,0,0.0,0.0,,0.0,0.0,Matches,Japan
14,Hiroki Sakai,"MF,DF",32.0,1.3,0,1,0,0.0,0.76,0.0,0.0,,5.4,0.0,0,0,0.5,0.5,0.53,-0.5,-0.5,Matches,Japan
15,Yuki Soma,"FW,MF",25.0,0.9,0,3,0,0.0,3.33,0.0,0.0,,22.7,1.0,0,0,0.2,0.2,0.06,-0.2,-0.2,Matches,Japan
16,Miki Yamane,"DF,MF",28.0,0.7,0,0,0,,0.0,0.0,,,,0.0,0,0,0.0,0.0,,0.0,0.0,Matches,Japan
17,Ayase Ueda,FW,23.0,0.5,0,0,0,,0.0,0.0,,,,0.0,0,0,0.0,0.0,,0.0,0.0,Matches,Japan
18,Takuma Asano,FW,27.0,1.8,1,8,2,25.0,4.36,1.09,0.13,0.5,13.2,0.0,0,0,0.7,0.7,0.08,0.3,0.3,Matches,Japan
19,Kaoru Mitoma,MF,25.0,1.8,0,1,1,100.0,0.55,0.55,0.0,0.0,21.5,0.0,0,0,0.1,0.1,0.08,-0.1,-0.1,Matches,Japan
20,Takumi Minamino,FW,27.0,0.7,0,2,1,50.0,3.0,1.5,0.0,0.0,15.1,0.0,0,0,0.1,0.1,0.06,-0.1,-0.1,Matches,Japan
21,Hiroki Ito,DF,23.0,0.5,0,0,0,,0.0,0.0,,,,0.0,0,0,0.0,0.0,,0.0,0.0,Matches,Japan
22,Squad Total,,28.0,4.3,5,44,14,31.8,10.15,3.23,0.11,0.36,16.8,2.0,0,0,5.0,5.0,0.12,0.0,0.0,,Japan
23,Opponent Total,,27.6,4.3,4,58,18,31.0,13.38,4.15,0.05,0.17,19.2,0.0,1,1,5.7,4.9,0.09,-1.7,-1.9,,Japan
0,Kalidou Koulibaly,DF,30.0,4.0,1,2,1,50.0,0.5,0.25,0.5,1.0,7.9,0.0,0,0,0.5,0.5,0.25,0.5,0.5,Matches,Senegal
1,Edouard Mendy,GK,30.0,4.0,0,0,0,,0.0,0.0,,,,0.0,0,0,0.0,0.0,,0.0,0.0,Matches,Senegal
2,Youssouf Sabaly,DF,29.0,4.0,0,2,1,50.0,0.5,0.25,0.0,0.0,30.9,0.0,0,0,0.0,0.0,0.02,0.0,0.0,Matches,Senegal
3,Ismaila Sarr,"FW,MF",24.0,3.8,1,10,1,10.0,2.62,0.26,0.0,0.0,16.5,0.0,1,1,1.7,0.9,0.09,-0.7,-0.9,Matches,Senegal
4,Abdou Diallo,DF,26.0,3.7,0,1,0,0.0,0.27,0.0,0.0,,15.4,0.0,0,0,0.0,0.0,0.03,0.0,0.0,Matches,Senegal
5,Boulaye Dia,FW,25.0,3.5,1,8,3,37.5,2.26,0.85,0.13,0.33,14.2,0.0,0,0,0.7,0.7,0.09,0.3,0.3,Matches,Senegal
6,Ismail Jakobs,DF,22.0,3.1,0,1,0,0.0,0.32,0.0,0.0,,31.0,0.0,0,0,0.0,0.0,0.01,0.0,0.0,Matches,Senegal
7,Nampalys Mendy,MF,29.0,3.0,0,2,0,0.0,0.66,0.0,0.0,,22.6,0.0,0,0,0.1,0.1,0.03,-0.1,-0.1,Matches,Senegal
8,Idrissa Gana Gueye,MF,32.0,3.0,0,4,1,25.0,1.33,0.33,0.0,0.0,19.6,0.0,0,0,0.3,0.3,0.08,-0.3,-0.3,Matches,Senegal
9,Krépin Diatta,"FW,MF",23.0,2.0,0,3,1,33.3,1.49,0.5,0.0,0.0,16.5,0.0,0,0,0.1,0.1,0.04,-0.1,-0.1,Matches,Senegal
10,Pathé Ciss,MF,28.0,1.6,0,1,0,0.0,0.62,0.0,0.0,,12.8,0.0,0,0,0.0,0.0,0.04,0.0,0.0,Matches,Senegal
11,Iliman Ndiaye,"FW,MF",22.0,1.5,0,2,0,0.0,1.33,0.0,0.0,,18.6,0.0,0,0,0.1,0.1,0.07,-0.1,-0.1,Matches,Senegal
12,Pape Gueye,MF,23.0,1.7,0,4,2,50.0,2.35,1.18,0.0,0.0,24.8,0.0,0,0,0.1,0.1,0.03,-0.1,-0.1,Matches,Senegal
13,Pape Abou Cissé,DF,26.0,1.2,0,0,0,,0.0,0.0,,,,0.0,0,0,0.0,0.0,,0.0,0.0,Matches,Senegal
14,Famara Diedhiou,FW,29.0,1.0,1,3,1,33.3,2.93,0.98,0.33,1.0,9.1,0.0,0,0,0.2,0.2,0.07,0.8,0.8,Matches,Senegal
15,Cheikhou Kouyaté,MF,32.0,0.8,0,0,0,,0.0,0.0,,,,0.0,0,0,0.0,0.0,,0.0,0.0,Matches,Senegal
16,Bamba Dieng,FW,22.0,1.1,1,4,1,25.0,3.6,0.9,0.25,1.0,16.3,1.0,0,0,0.5,0.5,0.12,0.5,0.5,Matches,Senegal
17,Pape Matar Sarr,MF,19.0,0.7,0,4,0,0.0,6.1,0.0,0.0,,30.8,1.0,0,0,0.1,0.1,0.03,-0.1,-0.1,Matches,Senegal
18,Nicolas Jackson,FW,20.0,0.2,0,0,0,,0.0,0.0,,,,0.0,0,0,0.0,0.0,,0.0,0.0,Matches,Senegal
19,Fodé Ballo-Touré,DF,25.0,0.1,0,0,0,,0.0,0.0,,,,0.0,0,0,0.0,0.0,,0.0,0.0,Matches,Senegal
20,Squad Total,,26.9,4.0,5,51,12,23.5,12.75,3.0,0.08,0.33,18.5,2.0,1,1,4.6,3.8,0.07,0.4,0.2,,Senegal
21,Opponent Total,,26.5,4.0,7,37,14,37.8,9.25,3.5,0.19,0.5,16.9,1.0,0,0,3.5,3.5,0.1,3.5,3.5,,Senegal
0,Aziz Behich,DF,31.0,4.0,0,2,0,0.0,0.5,0.0,0.0,,16.4,0.0,0,0,0.1,0.1,0.06,-0.1,-0.1,Matches,Australia
1,Aaron Mooy,MF,31.0,4.0,0,1,0,0.0,0.25,0.0,0.0,,29.1,0.0,0,0,0.0,0.0,0.05,0.0,0.0,Matches,Australia
2,Kye Rowles,DF,23.0,4.0,0,0,0,,0.0,0.0,,,,0.0,0,0,0.0,0.0,,0.0,0.0,Matches,Australia
3,Mathew Ryan,GK,30.0,4.0,0,0,0,,0.0,0.0,,,,0.0,0,0,0.0,0.0,,0.0,0.0,Matches,Australia
4,Harry Souttar,DF,23.0,4.0,0,1,0,0.0,0.25,0.0,0.0,,8.5,0.0,0,0,0.1,0.1,0.08,-0.1,-0.1,Matches,Australia
5,Jackson Irvine,"MF,FW",29.0,3.9,0,3,0,0.0,0.76,0.0,0.0,,9.3,0.0,0,0,0.5,0.5,0.17,-0.5,-0.5,Matches,Australia
6,Mathew Leckie,"MF,FW",31.0,3.7,1,1,1,100.0,0.27,0.27,1.0,1.0,13.6,0.0,0,0,0.1,0.1,0.15,0.9,0.9,Matches,Australia
7,Mitchell Duke,FW,31.0,3.0,1,7,4,57.1,2.33,1.33,0.14,0.25,17.6,0.0,0,0,0.4,0.4,0.05,0.6,0.6,Matches,Australia
8,Riley McGree,"FW,MF",23.0,2.9,0,3,1,33.3,1.02,0.34,0.0,0.0,26.2,0.0,0,0,0.1,0.1,0.05,-0.1,-0.1,Matches,Australia
9,Craig Goodwin,MF,30.0,2.6,1,2,1,50.0,0.77,0.38,0.5,1.0,16.1,0.0,0,0,0.3,0.3,0.14,0.7,0.7,Matches,Australia
10,Miloš Degenek,DF,28.0,2.0,0,0,0,,0.0,0.0,,,,0.0,0,0,0.0,0.0,,0.0,0.0,Matches,Australia
11,Keanu Baccus,MF,24.0,1.3,0,1,0,0.0,0.79,0.0,0.0,,23.9,0.0,0,0,0.0,0.0,0.05,0.0,0.0,Matches,Australia
12,Fran Karačić,DF,26.0,1.0,0,3,0,0.0,2.9,0.0,0.0,,26.1,0.0,0,0,0.2,0.2,0.06,-0.2,-0.2,Matches,Australia
13,Nathaniel Atkinson,DF,23.0,0.9,0,0,0,,0.0,0.0,,,,0.0,0,0,0.0,0.0,,0.0,0.0,Matches,Australia
14,Ajdin Hrustic,"MF,FW",25.0,0.7,0,1,0,0.0,1.45,0.0,0.0,,22.4,0.0,0,0,0.0,0.0,0.03,0.0,0.0,Matches,Australia
15,Jamie Maclaren,FW,28.0,0.6,0,0,0,,0.0,0.0,,,,0.0,0,0,0.0,0.0,,0.0,0.0,Matches,Australia
16,Garang Kuol,"FW,MF",17.0,0.4,0,1,1,100.0,2.43,2.43,0.0,0.0,9.6,0.0,0,0,0.4,0.4,0.38,-0.4,-0.4,Matches,Australia
17,Jason Cummings,FW,26.0,0.4,0,0,0,,0.0,0.0,,,,0.0,0,0,0.0,0.0,,0.0,0.0,Matches,Australia
18,Awer Mabil,MF,26.0,0.3,0,0,0,,0.0,0.0,,,,0.0,0,0,0.0,0.0,,0.0,0.0,Matches,Australia
19,Bailey Wright,DF,29.0,0.2,0,0,0,,0.0,0.0,,,,0.0,0,0,0.0,0.0,,0.0,0.0,Matches,Australia
20,Squad Total,,27.8,4.0,3,26,8,30.8,6.5,2.0,0.12,0.38,18.5,0.0,0,0,2.3,2.3,0.09,0.7,0.7,,Australia
21,Opponent Total,,27.0,4.0,6,64,18,28.1,16.0,4.5,0.09,0.33,16.0,0.0,0,0,7.2,7.2,0.12,-1.2,-1.2,,Australia
0,Manuel Akanji,DF,26.0,4.0,1,4,1,25.0,1.0,0.25,0.25,1.0,12.3,1.0,0,0,1.1,1.1,0.28,-0.1,-0.1,Matches,Switzerland
1,Granit Xhaka,MF,29.0,4.0,0,6,3,50.0,1.5,0.75,0.0,0.0,21.6,0.0,0,0,0.3,0.3,0.05,-0.3,-0.3,Matches,Switzerland
2,Ricardo Rodríguez,DF,29.0,4.0,0,0,0,,0.0,0.0,,,,0.0,0,0,0.0,0.0,,0.0,0.0,Matches,Switzerland
3,Breel Embolo,FW,25.0,3.6,2,6,3,50.0,1.67,0.84,0.33,0.67,10.5,0.0,0,0,2.3,2.3,0.38,-0.3,-0.3,Matches,Switzerland
4,Remo Freuler,MF,30.0,3.6,1,3,1,33.3,0.84,0.28,0.33,1.0,10.3,0.0,0,0,0.5,0.5,0.17,0.5,0.5,Matches,Switzerland
5,Ruben Vargas,FW,23.0,3.2,0,3,1,33.3,0.95,0.32,0.0,0.0,17.0,0.0,0,0,0.3,0.3,0.11,-0.3,-0.3,Matches,Switzerland
6,Djibril Sow,MF,25.0,2.9,0,2,0,0.0,0.68,0.0,0.0,,15.6,0.0,0,0,0.2,0.2,0.08,-0.2,-0.2,Matches,Switzerland
7,Yann Sommer,GK,33.0,3.0,0,0,0,,0.0,0.0,,,,0.0,0,0,0.0,0.0,,0.0,0.0,Matches,Switzerland
8,Silvan Widmer,DF,29.0,2.9,0,1,0,0.0,0.34,0.0,0.0,,9.7,0.0,0,0,0.0,0.0,0.02,0.0,0.0,Matches,Switzerland
9,Xherdan Shaqiri,"FW,MF",30.0,2.5,1,4,2,50.0,1.57,0.79,0.25,0.5,21.9,1.0,0,0,0.3,0.3,0.08,0.7,0.7,Matches,Switzerland
10,Nico Elvedi,DF,25.0,2.0,0,1,0,0.0,0.5,0.0,0.0,,9.3,0.0,0,0,0.1,0.1,0.08,-0.1,-0.1,Matches,Switzerland
11,Fabian Schär,DF,30.0,1.5,0,2,0,0.0,1.33,0.0,0.0,,16.7,0.0,0,0,0.1,0.1,0.07,-0.1,-0.1,Matches,Switzerland
12,Edimilson Fernandes,"FW,DF",26.0,1.6,0,1,0,0.0,0.62,0.0,0.0,,24.2,0.0,0,0,0.0,0.0,0.03,0.0,0.0,Matches,Switzerland
13,Gregor Kobel,GK,24.0,1.0,0,0,0,,0.0,0.0,,,,0.0,0,0,0.0,0.0,,0.0,0.0,Matches,Switzerland
14,Fabian Rieder,FW,20.0,0.8,0,0,0,,0.0,0.0,,,,0.0,0,0,0.0,0.0,,0.0,0.0,Matches,Switzerland
15,Haris Seferović,FW,30.0,0.8,0,1,0,0.0,1.27,0.0,0.0,,12.8,0.0,0,0,0.2,0.2,0.19,-0.2,-0.2,Matches,Switzerland
16,Denis Zakaria,MF,25.0,0.7,0,1,0,0.0,1.53,0.0,0.0,,25.4,0.0,0,0,0.0,0.0,0.05,0.0,0.0,Matches,Switzerland
17,Eray Cömert,DF,24.0,0.5,0,0,0,,0.0,0.0,,,,0.0,0,0,0.0,0.0,,0.0,0.0,Matches,Switzerland
18,Noah Okafor,"FW,MF",22.0,0.5,0,1,0,0.0,2.0,0.0,0.0,,17.5,0.0,0,0,0.0,0.0,0.03,0.0,0.0,Matches,Switzerland
19,Renato Steffen,FW,30.0,0.4,0,0,0,,0.0,0.0,,,,0.0,0,0,0.0,0.0,,0.0,0.0,Matches,Switzerland
20,Fabian Frei,MF,33.0,0.3,0,0,0,,0.0,0.0,,,,0.0,0,0,0.0,0.0,,0.0,0.0,Matches,Switzerland
21,Michel Aebischer,"MF,FW",25.0,0.2,0,0,0,,0.0,0.0,,,,0.0,0,0,0.0,0.0,,0.0,0.0,Matches,Switzerland
22,Christian Fassnacht,FW,28.0,0.1,0,1,1,100.0,11.25,11.25,0.0,0.0,14.8,0.0,0,0,0.2,0.2,0.23,-0.2,-0.2,Matches,Switzerland
23,Ardon Jasari,FW,19.0,0.0,0,0,0,,0.0,0.0,,,,0.0,0,0,0.0,0.0,,0.0,0.0,Matches,Switzerland
24,Squad Total,,27.6,4.0,5,37,12,32.4,9.25,3.0,0.14,0.42,15.9,2.0,0,0,5.6,5.6,0.16,-0.6,-0.6,,Switzerland
25,Opponent Total,,26.8,4.0,9,48,23,47.9,12.0,5.75,0.19,0.39,15.1,1.0,0,0,5.3,5.3,0.11,3.7,3.7,,Switzerland
0,Rodri,DF,25.0,4.3,0,1,0,0.0,0.23,0.0,0.0,,36.2,0.0,0,0,0.0,0.0,0.02,0.0,0.0,Matches,Spain
1,Unai Simón,GK,25.0,4.3,0,0,0,,0.0,0.0,,,,0.0,0,0,0.0,0.0,,0.0,0.0,Matches,Spain
2,Dani Olmo,FW,24.0,4.1,1,12,6,50.0,2.94,1.47,0.08,0.17,21.4,0.0,0,0,1.4,1.4,0.12,-0.4,-0.4,Matches,Spain
3,Sergio Busquets,MF,33.0,4.0,0,2,0,0.0,0.5,0.0,0.0,,20.9,0.0,0,0,0.1,0.1,0.07,-0.1,-0.1,Matches,Spain
4,Pedri,MF,19.0,4.0,0,0,0,,0.0,0.0,,,,0.0,0,0,0.0,0.0,,0.0,0.0,Matches,Spain
5,Gavi,MF,17.0,3.2,1,1,1,100.0,0.32,0.32,1.0,1.0,17.6,0.0,0,0,0.1,0.1,0.14,0.9,0.9,Matches,Spain
6,Aymeric Laporte,DF,28.0,3.3,0,1,0,0.0,0.3,0.0,0.0,,13.6,0.0,0,0,0.0,0.0,0.03,0.0,0.0,Matches,Spain
7,Jordi Alba,DF,33.0,2.9,0,2,0,0.0,0.68,0.0,0.0,,26.6,0.0,0,0,0.0,0.0,0.02,0.0,0.0,Matches,Spain
8,Marco Asensio,FW,26.0,2.5,1,10,2,20.0,3.93,0.79,0.1,0.5,20.1,0.0,0,0,1.2,1.2,0.12,-0.2,-0.2,Matches,Spain
9,Ferrán Torres,FW,22.0,2.4,2,3,1,33.3,1.24,0.41,0.33,1.0,17.1,0.0,1,1,1.0,0.2,0.08,1.0,0.8,Matches,Spain
10,César Azpilicueta,DF,32.0,1.5,0,0,0,,0.0,0.0,,,,0.0,0,0,0.0,0.0,,0.0,0.0,Matches,Spain
11,Álvaro Morata,FW,29.0,2.1,3,8,5,62.5,3.89,2.43,0.38,0.6,10.3,0.0,0,0,1.4,1.4,0.17,1.6,1.6,Matches,Spain
12,Nico Williams,FW,19.0,1.6,0,1,0,0.0,0.62,0.0,0.0,,14.3,0.0,0,0,0.1,0.1,0.11,-0.1,-0.1,Matches,Spain
13,Dani Carvajal,DF,30.0,1.5,0,0,0,,0.0,0.0,,,,0.0,0,0,0.0,0.0,,0.0,0.0,Matches,Spain
14,Alejandro Balde,DF,18.0,1.4,0,1,0,0.0,0.71,0.0,0.0,,11.3,0.0,0,0,0.0,0.0,0.05,0.0,0.0,Matches,Spain
15,Marcos Llorente,DF,27.0,1.3,0,1,0,0.0,0.75,0.0,0.0,,22.4,0.0,0,0,0.0,0.0,0.02,0.0,0.0,Matches,Spain
16,Pau Torres,DF,25.0,1.0,0,0,0,,0.0,0.0,,,,0.0,0,0,0.0,0.0,,0.0,0.0,Matches,Spain
17,Carlos Soler,MF,25.0,1.0,1,4,1,25.0,3.91,0.98,0.25,1.0,17.3,1.0,0,0,0.5,0.5,0.13,0.5,0.5,Matches,Spain
18,Koke,MF,30.0,0.6,0,0,0,,0.0,0.0,,,,0.0,0,0,0.0,0.0,,0.0,0.0,Matches,Spain
19,Ansu Fati,FW,19.0,0.5,0,0,0,,0.0,0.0,,,,0.0,0,0,0.0,0.0,,0.0,0.0,Matches,Spain
20,Pablo Sarabia,FW,30.0,0.0,0,1,0,0.0,30.0,0.0,0.0,,4.7,0.0,0,0,0.1,0.1,0.11,-0.1,-0.1,Matches,Spain
21,Squad Total,,25.5,4.3,9,48,16,33.3,11.08,3.69,0.17,0.5,18.3,1.0,1,1,6.2,5.4,0.11,2.8,2.6,,Spain
22,Opponent Total,,27.5,4.3,3,23,9,39.1,5.31,2.08,0.13,0.33,18.9,2.0,0,0,3.4,3.4,0.15,-0.4,-0.4,,Spain
0,Tyler Adams,MF,23.0,4.0,0,1,0,0.0,0.25,0.0,0.0,,30.4,0.0,0,0,0.0,0.0,0.02,0.0,0.0,Matches,United
1,Tim Ream,DF,34.0,4.0,0,1,0,0.0,0.25,0.0,0.0,,3.7,0.0,0,0,0.3,0.3,0.3,-0.3,-0.3,Matches,United
2,Matt Turner,GK,27.0,4.0,0,0,0,,0.0,0.0,,,,0.0,0,0,0.0,0.0,,0.0,0.0,Matches,United
3,Antonee Robinson,DF,24.0,4.0,0,0,0,,0.0,0.0,,,,0.0,0,0,0.0,0.0,,0.0,0.0,Matches,United
4,Yunus Musah,MF,19.0,3.8,0,4,1,25.0,1.05,0.26,0.0,0.0,22.9,1.0,0,0,0.3,0.3,0.08,-0.3,-0.3,Matches,United
5,Timothy Weah,FW,22.0,3.5,1,5,3,60.0,1.42,0.85,0.2,0.33,17.5,0.0,0,0,0.6,0.6,0.13,0.4,0.4,Matches,United
6,Christian Pulisic,"FW,MF",23.0,3.5,1,9,5,55.6,2.57,1.43,0.11,0.2,17.9,0.0,0,0,1.1,1.1,0.12,-0.1,-0.1,Matches,United
7,Sergiño Dest,DF,21.0,3.4,0,6,0,0.0,1.77,0.0,0.0,,19.8,0.0,0,0,0.2,0.2,0.04,-0.2,-0.2,Matches,United
8,Weston McKennie,MF,23.0,3.0,0,5,1,20.0,1.66,0.33,0.0,0.0,15.5,0.0,0,0,0.4,0.4,0.08,-0.4,-0.4,Matches,United
9,Walker Zimmerman,DF,29.0,3.1,0,1,0,0.0,0.32,0.0,0.0,,15.0,0.0,0,0,0.1,0.1,0.07,-0.1,-0.1,Matches,United
10,Josh Sargent,FW,22.0,1.7,0,4,1,25.0,2.29,0.57,0.0,0.0,14.0,0.0,0,0,0.4,0.4,0.09,-0.4,-0.4,Matches,United
11,Haji Wright,FW,24.0,1.5,1,6,2,33.3,3.94,1.31,0.17,0.5,13.6,0.0,0,0,0.5,0.5,0.09,0.5,0.5,Matches,United
12,Cameron Carter-Vickers,DF,24.0,1.0,0,0,0,,0.0,0.0,,,,0.0,0,0,0.0,0.0,,0.0,0.0,Matches,United
13,Jesús Ferreira,FW,21.0,0.5,0,0,0,,0.0,0.0,,,,0.0,0,0,0.0,0.0,,0.0,0.0,Matches,United
14,Brenden Aaronson,MF,21.0,1.2,0,1,0,0.0,0.83,0.0,0.0,,4.9,0.0,0,0,0.1,0.1,0.07,-0.1,-0.1,Matches,United
15,Gio Reyna,FW,19.0,0.6,0,2,0,0.0,3.4,0.0,0.0,,20.9,0.0,0,0,0.1,0.1,0.03,-0.1,-0.1,Matches,United
16,Kellyn Acosta,MF,26.0,0.5,0,0,0,,0.0,0.0,,,,0.0,0,0,0.0,0.0,,0.0,0.0,Matches,United
17,DeAndre Yedlin,DF,28.0,0.4,0,0,0,,0.0,0.0,,,,0.0,0,0,0.0,0.0,,0.0,0.0,Matches,United
18,Shaquell Moore,DF,25.0,0.2,0,0,0,,0.0,0.0,,,,0.0,0,0,0.0,0.0,,0.0,0.0,Matches,United
19,Jordan Morris,"FW,DF",27.0,0.0,0,0,0,,0.0,0.0,,,,0.0,0,0,0.0,0.0,,0.0,0.0,Matches,United
20,Squad Total,,24.5,4.0,3,45,13,28.9,11.25,3.25,0.07,0.23,17.1,1.0,0,0,4.1,4.1,0.09,-1.1,-1.1,,United
21,Opponent Total,,27.0,4.0,4,29,11,37.9,7.25,2.75,0.1,0.27,16.3,0.0,1,1,4.4,3.6,0.13,-0.4,-0.6,,United
0,Matty Cash,DF,24.0,4.0,0,1,0,0.0,0.25,0.0,0.0,,24.2,0.0,0,0,0.0,0.0,0.04,0.0,0.0,Matches,Poland
1,Kamil Glik,DF,34.0,4.0,0,3,0,0.0,0.75,0.0,0.0,,11.6,0.0,0,0,0.2,0.2,0.08,-0.2,-0.2,Matches,Poland
2,Robert Lewandowski,FW,33.0,4.0,2,10,2,20.0,2.5,0.5,0.1,0.5,18.1,1.0,1,2,2.9,1.4,0.14,-0.9,-0.4,Matches,Poland
3,Wojciech Szczęsny,GK,32.0,4.0,0,0,0,,0.0,0.0,,,,0.0,0,0,0.0,0.0,,0.0,0.0,Matches,Poland
4,Jakub Kiwior,DF,22.0,3.9,0,1,0,0.0,0.25,0.0,0.0,,10.5,0.0,0,0,0.0,0.0,0.03,0.0,0.0,Matches,Poland
5,Bartosz Bereszyński,DF,29.0,3.8,0,0,0,,0.0,0.0,,,,0.0,0,0,0.0,0.0,,0.0,0.0,Matches,Poland
6,Grzegorz Krychowiak,MF,32.0,3.7,0,1,0,0.0,0.27,0.0,0.0,,29.9,0.0,0,0,0.0,0.0,0.02,0.0,0.0,Matches,Poland
7,Piotr Zieliński,"MF,FW",28.0,3.6,1,3,2,66.7,0.82,0.55,0.33,0.5,11.3,0.0,0,0,0.6,0.6,0.2,0.4,0.4,Matches,Poland
8,Przemysław Frankowski,MF,27.0,2.7,0,1,0,0.0,0.37,0.0,0.0,,15.6,0.0,0,0,0.0,0.0,0.03,0.0,0.0,Matches,Poland
9,Jakub Kamiński,MF,20.0,2.6,0,4,1,25.0,1.55,0.39,0.0,0.0,10.1,0.0,0,0,0.4,0.3,0.07,-0.4,-0.3,Matches,Poland
10,Krystian Bielik,MF,24.0,2.4,0,2,0,0.0,0.83,0.0,0.0,,15.8,0.0,0,0,0.2,0.2,0.09,-0.2,-0.2,Matches,Poland
11,Sebastian Szymański,MF,23.0,1.5,0,0,0,,0.0,0.0,,,,0.0,0,0,0.0,0.0,,0.0,0.0,Matches,Poland
12,Arkadiusz Milik,"FW,MF",28.0,1.1,0,1,0,0.0,0.89,0.0,0.0,,9.0,0.0,0,0,0.2,0.2,0.25,-0.2,-0.2,Matches,Poland
13,Nicola Zalewski,MF,20.0,0.7,0,0,0,,0.0,0.0,,,,0.0,0,0,0.0,0.0,,0.0,0.0,Matches,Poland
14,Karol Świderski,FW,25.0,0.5,0,0,0,,0.0,0.0,,,,0.0,0,0,0.0,0.0,,0.0,0.0,Matches,Poland
15,Michał Skóraś,MF,22.0,0.5,0,1,0,0.0,2.0,0.0,0.0,,22.2,0.0,0,0,0.0,0.0,0.02,0.0,0.0,Matches,Poland
16,Damian Szymański,MF,26.0,0.3,0,0,0,,0.0,0.0,,,,0.0,0,0,0.0,0.0,,0.0,0.0,Matches,Poland
17,Krzysztof Piątek,FW,26.0,0.3,0,1,0,0.0,3.21,0.0,0.0,,15.6,0.0,0,0,0.0,0.0,0.03,0.0,0.0,Matches,Poland
18,Artur Jędrzejczyk,DF,34.0,0.2,0,0,0,,0.0,0.0,,,,0.0,0,0,0.0,0.0,,0.0,0.0,Matches,Poland
19,Jan Bednarek,DF,26.0,0.1,0,0,0,,0.0,0.0,,,,0.0,0,0,0.0,0.0,,0.0,0.0,Matches,Poland
20,Kamil Grosicki,MF,34.0,0.0,0,0,0,,0.0,0.0,,,,0.0,0,0,0.0,0.0,,0.0,0.0,Matches,Poland
21,Squad Total,,27.8,4.0,3,29,5,17.2,7.25,1.25,0.07,0.4,15.5,1.0,1,2,4.5,2.9,0.11,-1.5,-0.9,,Poland
22,Opponent Total,,27.5,4.0,5,64,26,40.6,16.0,6.5,0.08,0.19,18.5,2.0,0,2,7.3,5.8,0.09,-2.3,-0.8,,Poland
0,Son Heung-min,"FW,MF",29.0,4.0,0,9,3,33.3,2.25,0.75,0.0,0.0,18.8,0.0,0,0,0.4,0.4,0.05,-0.4,-0.4,Matches,Korea
1,Kim Moonhwan,DF,26.0,4.0,0,0,0,,0.0,0.0,,,,0.0,0,0,0.0,0.0,,0.0,0.0,Matches,Korea
2,Kim Seung-gyu,GK,31.0,4.0,0,0,0,,0.0,0.0,,,,0.0,0,0,0.0,0.0,,0.0,0.0,Matches,Korea
3,Kim Young-gwon,DF,32.0,3.9,1,2,1,50.0,0.51,0.26,0.5,1.0,10.9,0.0,0,0,0.8,0.8,0.38,0.2,0.2,Matches,Korea
4,Hwang In-beom,MF,25.0,3.7,0,6,1,16.7,1.62,0.27,0.0,0.0,27.1,0.0,0,0,0.2,0.2,0.04,-0.2,-0.2,Matches,Korea
5,Kim Jin-su,DF,30.0,3.5,0,4,0,0.0,1.14,0.0,0.0,,11.2,0.0,0,0,0.3,0.3,0.08,-0.3,-0.3,Matches,Korea
6,Jung Woo-young,MF,32.0,3.4,0,1,0,0.0,0.3,0.0,0.0,,25.1,0.0,0,0,0.0,0.0,0.03,0.0,0.0,Matches,Korea
7,Cho Guesung,FW,24.0,3.1,2,9,5,55.6,2.95,1.64,0.22,0.4,11.4,0.0,0,0,1.1,1.1,0.12,0.9,0.9,Matches,Korea
8,Kim Min-jae,DF,25.0,3.0,0,2,0,0.0,0.67,0.0,0.0,,8.2,0.0,0,0,0.1,0.1,0.05,-0.1,-0.1,Matches,Korea
9,Lee Jae-sung,"MF,FW",29.0,2.3,0,1,0,0.0,0.43,0.0,0.0,,26.8,0.0,0,0,0.0,0.0,0.02,0.0,0.0,Matches,Korea
10,Lee Kangin,"MF,FW",21.0,1.6,0,5,1,20.0,3.06,0.61,0.0,0.0,25.9,2.0,0,0,0.2,0.2,0.03,-0.2,-0.2,Matches,Korea
11,Na Sang-ho,FW,25.0,1.3,0,1,1,100.0,0.76,0.76,0.0,0.0,10.6,0.0,0,0,0.0,0.0,0.03,0.0,0.0,Matches,Korea
12,Hwang Hee-chan,"MF,FW",26.0,1.3,1,6,5,83.3,4.7,3.91,0.17,0.2,17.5,0.0,0,0,0.9,0.9,0.15,0.1,0.1,Matches,Korea
13,Hwang Ui-jo,"FW,MF",29.0,1.2,0,1,0,0.0,0.85,0.0,0.0,,10.5,0.0,0,0,0.5,0.5,0.47,-0.5,-0.5,Matches,Korea
14,Kwon Kyung-won,DF,30.0,1.0,0,1,0,0.0,0.99,0.0,0.0,,33.8,0.0,0,0,0.0,0.0,0.02,0.0,0.0,Matches,Korea
15,Kwon Chang-hoon,"FW,MF",27.0,0.6,0,0,0,,0.0,0.0,,,,0.0,0,0,0.0,0.0,,0.0,0.0,Matches,Korea
16,Jeong Woo-yeong,MF,22.0,0.5,0,1,0,0.0,2.0,0.0,0.0,,24.4,0.0,0,0,0.0,0.0,0.03,0.0,0.0,Matches,Korea
17,Son Jun-ho,"MF,DF",30.0,0.8,0,0,0,,0.0,0.0,,,,0.0,0,0,0.0,0.0,,0.0,0.0,Matches,Korea
18,Hong Chul,DF,31.0,0.5,0,0,0,,0.0,0.0,,,,0.0,0,0,0.0,0.0,,0.0,0.0,Matches,Korea
19,Paik Seung-ho,MF,25.0,0.3,1,1,1,100.0,3.46,3.46,1.0,1.0,30.4,0.0,0,0,0.0,0.0,0.04,1.0,1.0,Matches,Korea
20,Cho Yumin,FW,25.0,0.0,0,0,0,,0.0,0.0,,,,0.0,0,0,0.0,0.0,,0.0,0.0,Matches,Korea
21,Squad Total,,28.2,4.0,5,50,18,36.0,12.5,4.5,0.1,0.28,18.3,2.0,0,0,4.6,4.6,0.09,0.4,0.4,,Korea
22,Opponent Total,,27.0,4.0,8,47,18,38.3,11.75,4.5,0.15,0.39,17.2,1.0,1,1,7.1,6.3,0.14,0.9,0.7,,Korea
0,Joshua Kimmich,"MF,DF",27.0,3.0,0,7,4,57.1,2.33,1.33,0.0,0.0,25.9,1.0,0,0,0.4,0.4,0.05,-0.4,-0.4,Matches,Germany
1,Manuel Neuer,GK,36.0,3.0,0,0,0,,0.0,0.0,,,,0.0,0,0,0.0,0.0,,0.0,0.0,Matches,Germany
2,Antonio Rüdiger,DF,29.0,3.0,0,6,1,16.7,2.0,0.33,0.0,0.0,17.4,0.0,0,0,0.8,0.8,0.13,-0.8,-0.8,Matches,Germany
3,Niklas Süle,DF,26.0,3.0,0,1,0,0.0,0.33,0.0,0.0,,5.4,0.0,0,0,0.1,0.1,0.11,-0.1,-0.1,Matches,Germany
4,Serge Gnabry,"FW,MF",26.0,2.9,1,12,4,33.3,4.11,1.37,0.08,0.25,15.6,0.0,0,0,1.1,1.1,0.09,-0.1,-0.1,Matches,Germany
5,Jamal Musiala,"MF,FW",19.0,2.9,0,12,3,25.0,4.19,1.05,0.0,0.0,14.5,0.0,0,0,1.9,1.9,0.16,-1.9,-1.9,Matches,Germany
6,David Raum,DF,24.0,2.7,0,0,0,,0.0,0.0,,,,0.0,0,0,0.0,0.0,,0.0,0.0,Matches,Germany
7,Thomas Müller,"FW,MF",32.0,2.2,0,3,0,0.0,1.34,0.0,0.0,,11.3,0.0,0,0,0.3,0.3,0.1,-0.3,-0.3,Matches,Germany
8,İlkay Gündoğan,MF,31.0,2.1,1,5,2,40.0,2.38,0.95,0.0,0.0,25.9,0.0,1,1,1.1,0.4,0.07,-0.1,-0.4,Matches,Germany
9,Leon Goretzka,MF,27.0,1.8,0,4,1,25.0,2.26,0.57,0.0,0.0,16.7,0.0,0,0,0.5,0.5,0.11,-0.5,-0.5,Matches,Germany
10,Leroy Sané,"FW,DF",26.0,1.2,0,3,0,0.0,2.43,0.0,0.0,,25.4,0.0,0,0,0.1,0.1,0.04,-0.1,-0.1,Matches,Germany
11,Kai Havertz,FW,23.0,1.1,2,5,3,60.0,4.41,2.65,0.4,0.67,13.1,0.0,0,0,1.4,1.4,0.27,0.6,0.6,Matches,Germany
12,Nico Schlotterbeck,DF,22.0,1.0,0,0,0,,0.0,0.0,,,,0.0,0,0,0.0,0.0,,0.0,0.0,Matches,Germany
13,Thilo Kehrer,DF,25.0,0.8,0,0,0,,0.0,0.0,,,,0.0,0,0,0.0,0.0,,0.0,0.0,Matches,Germany
14,Niclas Füllkrug,FW,29.0,0.8,2,8,3,37.5,10.43,3.91,0.25,0.67,10.0,0.0,0,0,2.2,2.2,0.27,-0.2,-0.2,Matches,Germany
15,Lukas Klostermann,DF,26.0,0.7,0,0,0,,0.0,0.0,,,,0.0,0,0,0.0,0.0,,0.0,0.0,Matches,Germany
16,Mario Götze,MF,30.0,0.4,0,1,1,100.0,2.5,2.5,0.0,0.0,14.3,0.0,0,0,0.1,0.1,0.09,-0.1,-0.1,Matches,Germany
17,Jonas Hofmann,FW,29.0,0.3,0,1,1,100.0,3.0,3.0,0.0,0.0,11.5,0.0,0,0,0.3,0.3,0.27,-0.3,-0.3,Matches,Germany
18,Matthias Ginter,DF,28.0,0.0,0,0,0,,0.0,0.0,,,,0.0,0,0,0.0,0.0,,0.0,0.0,Matches,Germany
19,Youssoufa Moukoko,FW,17.0,0.0,0,0,0,,0.0,0.0,,,,0.0,0,0,0.0,0.0,,0.0,0.0,Matches,Germany
20,Squad Total,,27.3,3.0,6,68,23,33.8,22.67,7.67,0.07,0.22,16.6,1.0,1,1,10.1,9.3,0.14,-4.1,-4.3,,Germany
21,Opponent Total,,28.1,3.0,5,27,13,48.1,9.0,4.33,0.19,0.38,14.1,0.0,0,0,3.4,3.4,0.13,1.6,1.6,,Germany
0,Pervis Estupiñán,DF,24.0,3.0,0,1,1,100.0,0.33,0.33,0.0,0.0,14.4,0.0,0,0,0.1,0.1,0.07,-0.1,-0.1,Matches,Ecuador
1,Hernán Galíndez,GK,35.0,3.0,0,0,0,,0.0,0.0,,,,0.0,0,0,0.0,0.0,,0.0,0.0,Matches,Ecuador
2,Piero Hincapié,DF,20.0,3.0,0,0,0,,0.0,0.0,,,,0.0,0,0,0.0,0.0,,0.0,0.0,Matches,Ecuador
3,Félix Torres Caicedo,DF,25.0,3.0,0,1,0,0.0,0.33,0.0,0.0,,8.5,0.0,0,0,0.1,0.1,0.12,-0.1,-0.1,Matches,Ecuador
4,Moisés Caicedo,MF,20.0,3.0,1,3,1,33.3,1.0,0.33,0.33,1.0,16.0,0.0,0,0,0.5,0.5,0.17,0.5,0.5,Matches,Ecuador
5,Gonzalo Plata,"MF,FW",21.0,3.0,0,2,1,50.0,0.67,0.33,0.0,0.0,15.2,0.0,0,0,0.1,0.1,0.07,-0.1,-0.1,Matches,Ecuador
6,Ángelo Preciado,DF,24.0,2.9,0,4,0,0.0,1.36,0.0,0.0,,26.1,0.0,0,0,0.1,0.1,0.02,-0.1,-0.1,Matches,Ecuador
7,Enner Valencia,"FW,MF",32.0,2.8,3,8,3,37.5,2.82,1.06,0.25,0.67,18.9,1.0,1,1,2.3,1.5,0.19,0.7,0.5,Matches,Ecuador
8,Michael Estrada,FW,26.0,2.5,0,3,0,0.0,1.2,0.0,0.0,,13.0,0.0,0,0,0.3,0.3,0.1,-0.3,-0.3,Matches,Ecuador
9,Jhegson Méndez,MF,25.0,2.0,0,0,0,,0.0,0.0,,,,0.0,0,0,0.0,0.0,,0.0,0.0,Matches,Ecuador
10,Jackson Porozo,DF,21.0,1.1,0,1,0,0.0,0.94,0.0,0.0,,15.0,0.0,0,0,0.1,0.1,0.05,-0.1,-0.1,Matches,Ecuador
11,Romario Ibarra,MF,27.0,0.8,0,2,1,50.0,2.65,1.32,0.0,0.0,23.2,0.0,0,0,0.1,0.1,0.07,-0.1,-0.1,Matches,Ecuador
12,Alan Franco,MF,23.0,0.5,0,0,0,,0.0,0.0,,,,0.0,0,0,0.0,0.0,,0.0,0.0,Matches,Ecuador
13,Carlos Gruezo,MF,27.0,0.5,0,0,0,,0.0,0.0,,,,0.0,0,0,0.0,0.0,,0.0,0.0,Matches,Ecuador
14,Jeremy Sarmiento,"MF,FW",19.0,0.9,0,1,1,100.0,1.06,1.06,0.0,0.0,14.5,0.0,0,0,0.1,0.1,0.07,-0.1,-0.1,Matches,Ecuador
15,José Cifuentes,MF,23.0,0.7,0,1,1,100.0,1.53,1.53,0.0,0.0,29.4,0.0,0,0,0.0,0.0,0.02,0.0,0.0,Matches,Ecuador
16,Djorkaeff Reasco,FW,23.0,0.3,0,0,0,,0.0,0.0,,,,0.0,0,0,0.0,0.0,,0.0,0.0,Matches,Ecuador
17,Kevin Rodríguez,FW,22.0,0.0,0,2,1,50.0,90.0,45.0,0.0,0.0,,,0,0,,,,,,Matches,Ecuador
18,Squad Total,,24.9,3.0,4,29,10,34.5,9.67,3.33,0.1,0.3,18.2,1.0,1,1,3.7,2.9,0.11,0.3,0.1,,Ecuador
19,Opponent Total,,27.2,3.0,3,20,3,15.0,6.67,1.0,0.1,0.67,19.2,0.0,1,1,2.6,1.8,0.09,0.4,0.2,,Ecuador
0,Collins Fai,DF,29.0,3.0,0,1,0,0.0,0.33,0.0,0.0,,27.9,0.0,0,0,0.0,0.0,0.02,0.0,0.0,Matches,Cameroon
1,Nouhou Tolo,DF,24.0,3.0,0,0,0,,0.0,0.0,,,,0.0,0,0,0.0,0.0,,0.0,0.0,Matches,Cameroon
2,Andre-Frank Zambo Anguissa,MF,26.0,2.9,0,1,1,100.0,0.35,0.35,0.0,0.0,11.2,0.0,0,0,0.1,0.1,0.06,-0.1,-0.1,Matches,Cameroon
3,Eric Maxim Choupo-Moting,"FW,MF",33.0,2.8,1,3,2,66.7,1.07,0.71,0.33,0.5,9.1,0.0,0,0,0.8,0.8,0.28,0.2,0.2,Matches,Cameroon
4,Bryan Mbeumo,"FW,MF",22.0,2.6,0,2,2,100.0,0.77,0.77,0.0,0.0,11.3,0.0,0,0,0.2,0.2,0.1,-0.2,-0.2,Matches,Cameroon
5,Jean-Charles Castelletto,DF,27.0,2.0,1,1,1,100.0,0.5,0.5,1.0,1.0,1.1,0.0,0,0,0.9,0.9,0.95,0.1,0.1,Matches,Cameroon
6,Devis Epassy,GK,29.0,2.0,0,0,0,,0.0,0.0,,,,0.0,0,0,0.0,0.0,,0.0,0.0,Matches,Cameroon
7,Nicolas Nkoulou,DF,32.0,2.0,0,3,1,33.3,1.5,0.5,0.0,0.0,12.2,0.0,0,0,0.3,0.3,0.09,-0.3,-0.3,Matches,Cameroon
8,Karl Toko Ekambi,"FW,MF",29.0,1.8,0,2,1,50.0,1.08,0.54,0.0,0.0,15.6,0.0,0,0,0.2,0.2,0.09,-0.2,-0.2,Matches,Cameroon
9,Pierre Kunde,MF,26.0,1.5,0,5,2,40.0,3.44,1.37,0.0,0.0,22.1,0.0,0,0,0.2,0.2,0.05,-0.2,-0.2,Matches,Cameroon
10,Martin Hongla,MF,24.0,1.3,0,1,1,100.0,0.74,0.74,0.0,0.0,13.0,0.0,0,0,0.1,0.1,0.05,-0.1,-0.1,Matches,Cameroon
11,Vincent Aboubakar,FW,30.0,1.6,2,6,3,50.0,3.8,1.9,0.33,0.67,17.8,0.0,0,0,0.6,0.6,0.1,1.4,1.4,Matches,Cameroon
12,Samuel Oum Gouet,MF,24.0,1.1,0,0,0,,0.0,0.0,,,,0.0,0,0,0.0,0.0,,0.0,0.0,Matches,Cameroon
13,Moumi Ngamaleu,"FW,MF",27.0,1.1,0,0,0,,0.0,0.0,,,,0.0,0,0,0.0,0.0,,0.0,0.0,Matches,Cameroon
14,Enzo Ebosse,DF,23.0,1.0,0,0,0,,0.0,0.0,,,,0.0,0,0,0.0,0.0,,0.0,0.0,Matches,Cameroon
15,Christopher Wooh,DF,20.0,1.0,0,1,0,0.0,1.0,0.0,0.0,,15.1,0.0,0,0,0.0,0.0,0.04,0.0,0.0,Matches,Cameroon
16,André Onana,GK,26.0,0.9,0,0,0,,0.0,0.0,,,,0.0,0,0,0.0,0.0,,0.0,0.0,Matches,Cameroon
17,Gaël Ondoua,MF,26.0,0.5,0,0,0,,0.0,0.0,,,,0.0,0,0,0.0,0.0,,0.0,0.0,Matches,Cameroon
18,Georges-Kévin N'Koudou,"FW,MF",27.0,0.3,0,1,1,100.0,3.33,3.33,0.0,0.0,26.6,1.0,0,0,0.0,0.0,0.04,0.0,0.0,Matches,Cameroon
19,Olivier Ntcham,MF,26.0,0.3,0,1,1,100.0,3.6,3.6,0.0,0.0,30.0,0.0,0,0,0.0,0.0,0.04,0.0,0.0,Matches,Cameroon
20,Christian Bassogog,MF,26.0,0.3,0,0,0,,0.0,0.0,,,,0.0,0,0,0.0,0.0,,0.0,0.0,Matches,Cameroon
21,Jerome Ngom Mbekeli,MF,23.0,0.1,0,0,0,,0.0,0.0,,,,0.0,0,0,0.0,0.0,,0.0,0.0,Matches,Cameroon
22,Squad Total,,27.2,3.0,4,28,16,57.1,9.33,5.33,0.14,0.25,16.4,1.0,0,0,3.4,3.4,0.13,0.6,0.6,,Cameroon
23,Opponent Total,,27.1,3.0,4,43,15,34.9,14.33,5.0,0.09,0.27,15.4,2.0,0,0,5.8,5.8,0.13,-1.8,-1.8,,Cameroon
0,José María Giménez,DF,27.0,3.0,0,3,0,0.0,1.0,0.0,0.0,,13.2,0.0,0,0,0.2,0.2,0.06,-0.2,-0.2,Matches,Uruguay
1,Sergio Rochet,GK,29.0,3.0,0,0,0,,0.0,0.0,,,,0.0,0,0,0.0,0.0,,0.0,0.0,Matches,Uruguay
2,Federico Valverde,MF,23.0,3.0,0,7,1,14.3,2.33,0.33,0.0,0.0,33.0,0.0,0,0,0.2,0.2,0.02,-0.2,-0.2,Matches,Uruguay
3,Mathías Olivera,DF,24.0,2.8,0,2,0,0.0,0.71,0.0,0.0,,16.9,0.0,0,0,0.1,0.1,0.05,-0.1,-0.1,Matches,Uruguay
4,Darwin Núñez,FW,22.0,2.7,0,3,1,33.3,1.13,0.37,0.0,0.0,22.4,0.0,0,0,0.4,0.4,0.13,-0.4,-0.4,Matches,Uruguay
5,Rodrigo Bentancur,MF,24.0,2.4,0,3,1,33.3,1.27,0.42,0.0,0.0,15.8,0.0,0,0,0.6,0.6,0.21,-0.6,-0.6,Matches,Uruguay
6,Matías Vecino,MF,30.0,2.2,0,1,1,100.0,0.46,0.46,0.0,0.0,10.1,0.0,0,0,0.1,0.1,0.1,-0.1,-0.1,Matches,Uruguay
7,Guillermo Varela,DF,29.0,2.0,0,0,0,,0.0,0.0,,,,0.0,0,0,0.0,0.0,,0.0,0.0,Matches,Uruguay
8,Facundo Pellistri,"MF,FW",20.0,2.0,0,1,0,0.0,0.5,0.0,0.0,,11.5,0.0,0,0,0.2,0.2,0.17,-0.2,-0.2,Matches,Uruguay
9,Sebastián Coates,DF,31.0,2.0,0,1,0,0.0,0.5,0.0,0.0,,11.5,0.0,0,0,0.1,0.1,0.1,-0.1,-0.1,Matches,Uruguay
10,Diego Godín,DF,36.0,1.7,0,1,0,0.0,0.6,0.0,0.0,,10.6,0.0,0,0,0.1,0.1,0.06,-0.1,-0.1,Matches,Uruguay
11,Luis Suárez,FW,35.0,1.6,0,2,1,50.0,1.23,0.62,0.0,0.0,7.5,0.0,0,0,0.4,0.4,0.21,-0.4,-0.4,Matches,Uruguay
12,Edinson Cavani,FW,35.0,1.4,0,3,0,0.0,2.18,0.0,0.0,,13.8,0.0,0,0,0.3,0.3,0.1,-0.3,-0.3,Matches,Uruguay
13,Giorgian De Arrascaeta,MF,28.0,1.2,2,3,3,100.0,2.5,2.5,0.67,0.67,9.6,0.0,0,0,1.2,1.2,0.4,0.8,0.8,Matches,Uruguay
14,Martín Cáceres,DF,35.0,1.0,0,0,0,,0.0,0.0,,,,0.0,0,0,0.0,0.0,,0.0,0.0,Matches,Uruguay
15,Nicolás De La Cruz,MF,25.0,0.4,0,1,1,100.0,2.37,2.37,0.0,0.0,32.4,1.0,0,0,0.0,0.0,0.04,0.0,0.0,Matches,Uruguay
16,Maxi Gómez,FW,25.0,0.3,0,2,1,50.0,6.0,3.0,0.0,0.0,26.1,0.0,0,0,0.1,0.1,0.04,-0.1,-0.1,Matches,Uruguay
17,Matías Viña,DF,24.0,0.2,0,0,0,,0.0,0.0,,,,0.0,0,0,0.0,0.0,,0.0,0.0,Matches,Uruguay
18,Agustín Canobbio,MF,23.0,0.1,0,0,0,,0.0,0.0,,,,0.0,0,0,0.0,0.0,,0.0,0.0,Matches,Uruguay
19,Squad Total,,27.6,3.0,2,33,10,30.3,11.0,3.33,0.06,0.2,19.2,1.0,0,0,3.7,3.7,0.12,-1.7,-1.7,,Uruguay
20,Opponent Total,,27.1,3.0,2,30,5,16.7,10.0,1.67,0.03,0.2,23.7,1.0,1,2,3.5,2.0,0.07,-1.5,-1.0,,Uruguay
0,Aimen Dahmen,GK,25.0,3.0,0,0,0,,0.0,0.0,,,,0.0,0,0,0.0,0.0,,0.0,0.0,Matches,Tunisia
1,Yassine Meriah,DF,28.0,3.0,0,1,0,0.0,0.33,0.0,0.0,,9.3,0.0,0,0,0.1,0.1,0.07,-0.1,-0.1,Matches,Tunisia
2,Ellyes Skhiri,MF,27.0,3.0,0,2,0,0.0,0.67,0.0,0.0,,22.5,0.0,0,0,0.1,0.1,0.03,-0.1,-0.1,Matches,Tunisia
3,Montassar Talbi,DF,24.0,3.0,0,1,1,100.0,0.33,0.33,0.0,0.0,33.7,0.0,0,0,0.0,0.0,0.01,0.0,0.0,Matches,Tunisia
4,Aïssa Laïdouni,MF,25.0,2.7,0,2,0,0.0,0.74,0.0,0.0,,9.8,0.0,0,0,0.1,0.1,0.07,-0.1,-0.1,Matches,Tunisia
5,Ali Abdi,DF,28.0,2.1,0,0,0,,0.0,0.0,,,,0.0,0,0,0.0,0.0,,0.0,0.0,Matches,Tunisia
6,Issam Jebali,FW,30.0,2.0,0,3,1,33.3,1.48,0.49,0.0,0.0,10.4,0.0,0,0,0.5,0.5,0.18,-0.5,-0.5,Matches,Tunisia
7,Youssef Msakni,"MF,FW",31.0,1.9,0,9,2,22.2,4.79,1.07,0.0,0.0,16.0,0.0,0,0,0.5,0.5,0.06,-0.5,-0.5,Matches,Tunisia
8,Dylan Bronn,DF,26.0,1.8,0,1,0,0.0,0.56,0.0,0.0,,17.8,0.0,0,0,0.1,0.1,0.07,-0.1,-0.1,Matches,Tunisia
9,Anis Ben Slimane,MF,21.0,1.6,0,1,1,100.0,0.61,0.61,0.0,0.0,9.6,0.0,0,0,0.1,0.1,0.11,-0.1,-0.1,Matches,Tunisia
10,Mohamed Dräger,DF,25.0,1.5,0,4,0,0.0,2.73,0.0,0.0,,25.8,0.0,0,0,0.2,0.2,0.05,-0.2,-0.2,Matches,Tunisia
11,Naïm Sliti,"MF,FW",29.0,1.3,0,1,0,0.0,0.79,0.0,0.0,,10.3,0.0,0,0,0.1,0.1,0.14,-0.1,-0.1,Matches,Tunisia
12,Wajdi Kechrida,DF,26.0,1.2,0,0,0,,0.0,0.0,,,,0.0,0,0,0.0,0.0,,0.0,0.0,Matches,Tunisia
13,Nader Ghandri,DF,27.0,1.0,0,0,0,,0.0,0.0,,,,0.0,0,0,0.0,0.0,,0.0,0.0,Matches,Tunisia
14,Ali Maâloul,DF,32.0,1.0,0,0,0,,0.0,0.0,,,,0.0,0,0,0.0,0.0,,0.0,0.0,Matches,Tunisia
15,Wahbi Khazri,"FW,MF",31.0,0.9,1,5,3,60.0,5.42,3.25,0.2,0.33,19.1,0.0,0,0,0.4,0.4,0.09,0.6,0.6,Matches,Tunisia
16,Mohamed Ali Ben Romdhane,MF,22.0,0.8,0,0,0,,0.0,0.0,,,,0.0,0,0,0.0,0.0,,0.0,0.0,Matches,Tunisia
17,Ferjani Sassi,"MF,DF",30.0,0.5,0,1,0,0.0,1.87,0.0,0.0,,33.3,0.0,0,0,0.0,0.0,0.02,0.0,0.0,Matches,Tunisia
18,Taha Yassine Khenissi,FW,30.0,0.3,0,1,0,0.0,3.1,0.0,0.0,,23.3,0.0,0,0,0.0,0.0,0.02,0.0,0.0,Matches,Tunisia
19,Ghaylène Chaalali,MF,28.0,0.2,0,0,0,,0.0,0.0,,,,0.0,0,0,0.0,0.0,,0.0,0.0,Matches,Tunisia
20,Hannibal Mejbri,MF,19.0,0.1,0,0,0,,0.0,0.0,,,,0.0,0,0,0.0,0.0,,0.0,0.0,Matches,Tunisia
21,Squad Total,,26.9,3.0,1,32,8,25.0,10.67,2.67,0.03,0.13,18.0,0.0,0,0,2.3,2.3,0.07,-1.3,-1.3,,Tunisia
22,Opponent Total,,26.7,3.0,1,30,10,33.3,10.0,3.33,0.03,0.1,16.9,1.0,0,0,2.8,2.8,0.1,-1.8,-1.8,,Tunisia
0,Luis Chávez,MF,26.0,3.0,1,10,4,40.0,3.33,1.33,0.1,0.25,31.4,4.0,0,0,0.3,0.3,0.03,0.7,0.7,Matches,Mexico
1,Jesús Gallardo,DF,27.0,3.0,0,1,0,0.0,0.33,0.0,0.0,,15.1,0.0,0,0,0.1,0.1,0.12,-0.1,-0.1,Matches,Mexico
2,César Montes,DF,25.0,3.0,0,1,0,0.0,0.33,0.0,0.0,,13.0,0.0,0,0,0.2,0.2,0.18,-0.2,-0.2,Matches,Mexico
3,Héctor Moreno,DF,34.0,3.0,0,1,0,0.0,0.33,0.0,0.0,,5.8,0.0,0,0,0.2,0.2,0.18,-0.2,-0.2,Matches,Mexico
4,Guillermo Ochoa,GK,36.0,3.0,0,0,0,,0.0,0.0,,,,0.0,0,0,0.0,0.0,,0.0,0.0,Matches,Mexico
5,Hirving Lozano,FW,26.0,2.8,0,6,3,50.0,2.14,1.07,0.0,0.0,26.0,1.0,0,0,0.2,0.2,0.03,-0.2,-0.2,Matches,Mexico
6,Alexis Vega,FW,24.0,2.1,0,9,2,22.2,4.2,0.93,0.0,0.0,21.0,1.0,0,0,0.8,0.8,0.09,-0.8,-0.8,Matches,Mexico
7,Edson Álvarez,MF,24.0,1.9,0,1,1,100.0,0.51,0.51,0.0,0.0,33.1,0.0,0,0,0.0,0.0,0.02,0.0,0.0,Matches,Mexico
8,Jorge Eduardo Sánchez,DF,24.0,1.9,0,1,1,100.0,0.51,0.51,0.0,0.0,18.3,0.0,0,0,0.0,0.0,0.02,0.0,0.0,Matches,Mexico
9,Héctor Herrera,MF,32.0,1.8,0,0,0,,0.0,0.0,,,,0.0,0,0,0.0,0.0,,0.0,0.0,Matches,Mexico
10,Henry Martín,FW,29.0,1.6,1,4,2,50.0,2.47,1.23,0.25,0.5,9.9,0.0,0,0,0.9,0.9,0.23,0.1,0.1,Matches,Mexico
11,Néstor Araujo,DF,30.0,1.0,0,0,0,,0.0,0.0,,,,0.0,0,0,0.0,0.0,,0.0,0.0,Matches,Mexico
12,Orbelín Pineda,MF,26.0,0.8,0,4,1,25.0,4.74,1.18,0.0,0.0,15.1,0.0,0,0,0.3,0.3,0.08,-0.3,-0.3,Matches,Mexico
13,Kevin Álvarez,DF,23.0,0.8,0,0,0,,0.0,0.0,,,,0.0,0,0,0.0,0.0,,0.0,0.0,Matches,Mexico
14,Andrés Guardado,MF,35.0,0.5,0,0,0,,0.0,0.0,,,,0.0,0,0,0.0,0.0,,0.0,0.0,Matches,Mexico
15,Uriel Antuna,"FW,MF",24.0,0.9,0,2,1,50.0,2.34,1.17,0.0,0.0,16.2,0.0,0,0,0.2,0.2,0.08,-0.2,-0.2,Matches,Mexico
16,Raúl Jiménez,FW,31.0,0.7,0,0,0,,0.0,0.0,,,,0.0,0,0,0.0,0.0,,0.0,0.0,Matches,Mexico
17,Erick Gutiérrez,MF,26.0,0.5,0,0,0,,0.0,0.0,,,,0.0,0,0,0.0,0.0,,0.0,0.0,Matches,Mexico
18,Charly Rodríguez,MF,25.0,0.4,0,0,0,,0.0,0.0,,,,0.0,0,0,0.0,0.0,,0.0,0.0,Matches,Mexico
19,Roberto Alvarado,FW,23.0,0.2,0,0,0,,0.0,0.0,,,,0.0,0,0,0.0,0.0,,0.0,0.0,Matches,Mexico
20,Rogelio Funes Mori,FW,31.0,0.1,0,1,0,0.0,18.0,0.0,0.0,,22.6,0.0,0,0,0.1,0.1,0.07,-0.1,-0.1,Matches,Mexico
21,Squad Total,,28.2,3.0,2,41,15,36.6,13.67,5.0,0.05,0.13,21.9,6.0,0,0,3.3,3.3,0.08,-1.3,-1.3,,Mexico
22,Opponent Total,,27.3,3.0,3,20,5,25.0,6.67,1.67,0.15,0.6,17.7,2.0,0,1,2.4,1.6,0.08,0.6,1.4,,Mexico
0,Toby Alderweireld,DF,33.0,3.0,0,0,0,,0.0,0.0,,,,0.0,0,0,0.0,0.0,,0.0,0.0,Matches,Belgium
1,Timothy Castagne,DF,26.0,3.0,0,0,0,,0.0,0.0,,,,0.0,0,0,0.0,0.0,,0.0,0.0,Matches,Belgium
2,Thibaut Courtois,GK,30.0,3.0,0,0,0,,0.0,0.0,,,,0.0,0,0,0.0,0.0,,0.0,0.0,Matches,Belgium
3,Kevin De Bruyne,"FW,MF",30.0,3.0,0,7,2,28.6,2.33,0.67,0.0,0.0,23.3,1.0,0,0,0.2,0.2,0.03,-0.2,-0.2,Matches,Belgium
4,Jan Vertonghen,DF,35.0,3.0,0,2,0,0.0,0.67,0.0,0.0,,10.4,0.0,0,0,0.2,0.2,0.08,-0.2,-0.2,Matches,Belgium
5,Axel Witsel,MF,33.0,3.0,0,1,0,0.0,0.33,0.0,0.0,,32.2,0.0,0,0,0.0,0.0,0.02,0.0,0.0,Matches,Belgium
6,Thomas Meunier,DF,30.0,2.3,0,3,1,33.3,1.28,0.43,0.0,0.0,19.6,0.0,0,0,0.2,0.2,0.07,-0.2,-0.2,Matches,Belgium
7,Leander Dendoncker,"DF,MF",27.0,1.8,0,1,0,0.0,0.56,0.0,0.0,,9.6,0.0,0,0,0.1,0.1,0.08,-0.1,-0.1,Matches,Belgium
8,Michy Batshuayi,FW,28.0,1.7,1,6,2,33.3,3.58,1.19,0.17,0.5,15.4,0.0,0,0,0.8,0.8,0.13,0.2,0.2,Matches,Belgium
9,Eden Hazard,MF,31.0,1.4,0,1,1,100.0,0.73,0.73,0.0,0.0,18.7,0.0,0,0,0.1,0.1,0.05,-0.1,-0.1,Matches,Belgium
10,Yannick Carrasco,"FW,DF",28.0,1.3,0,4,0,0.0,3.1,0.0,0.0,,13.9,0.0,0,0,0.3,0.3,0.07,-0.3,-0.3,Matches,Belgium
11,Thorgan Hazard,FW,29.0,1.2,0,0,0,,0.0,0.0,,,,0.0,0,0,0.0,0.0,,0.0,0.0,Matches,Belgium
12,Amadou Onana,MF,20.0,1.2,0,2,0,0.0,1.73,0.0,0.0,,8.3,0.0,0,0,0.5,0.5,0.23,-0.5,-0.5,Matches,Belgium
13,Leandro Trossard,"FW,MF",27.0,1.1,0,0,0,,0.0,0.0,,,,0.0,0,0,0.0,0.0,,0.0,0.0,Matches,Belgium
14,Youri Tielemans,MF,25.0,1.1,0,0,0,,0.0,0.0,,,,0.0,0,0,0.0,0.0,,0.0,0.0,Matches,Belgium
15,Dries Mertens,"MF,FW",35.0,0.8,0,3,1,33.3,3.55,1.18,0.0,0.0,14.7,0.0,0,0,0.8,0.8,0.27,-0.8,-0.8,Matches,Belgium
16,Romelu Lukaku,FW,29.0,0.6,0,5,2,40.0,8.18,3.27,0.0,0.0,6.6,0.0,0,0,1.7,1.7,0.35,-1.7,-1.7,Matches,Belgium
17,Jeremy Doku,"MF,FW",20.0,0.2,0,0,0,,0.0,0.0,,,,0.0,0,0,0.0,0.0,,0.0,0.0,Matches,Belgium
18,Charles De Ketelaere,FW,21.0,0.2,0,0,0,,0.0,0.0,,,,0.0,0,0,0.0,0.0,,0.0,0.0,Matches,Belgium
19,Loïs Openda,FW,22.0,0.1,0,0,0,,0.0,0.0,,,,0.0,0,0,0.0,0.0,,0.0,0.0,Matches,Belgium
20,Squad Total,,29.7,3.0,1,35,9,25.7,11.67,3.0,0.03,0.11,15.6,1.0,0,0,4.7,4.7,0.14,-3.7,-3.7,,Belgium
21,Opponent Total,,27.5,3.0,2,42,10,23.8,14.0,3.33,0.05,0.2,17.5,0.0,0,1,4.6,3.9,0.09,-2.6,-1.9,,Belgium
0,Lawrence Ati-Zigi,GK,25.0,3.0,0,0,0,,0.0,0.0,,,,0.0,0,0,0.0,0.0,,0.0,0.0,Matches,Ghana
1,Thomas Partey,MF,29.0,3.0,0,2,0,0.0,0.67,0.0,0.0,,16.8,0.0,0,0,0.2,0.2,0.1,-0.2,-0.2,Matches,Ghana
2,Mohammed Salisu,DF,23.0,3.0,1,2,1,50.0,0.67,0.33,0.5,1.0,9.3,0.0,0,0,0.8,0.8,0.38,0.2,0.2,Matches,Ghana
3,Iñaki Williams,FW,27.0,3.0,0,2,0,0.0,0.67,0.0,0.0,,20.1,0.0,0,0,0.3,0.3,0.15,-0.3,-0.3,Matches,Ghana
4,Daniel Amartey,DF,27.0,2.8,0,1,0,0.0,0.36,0.0,0.0,,5.7,0.0,0,0,0.2,0.2,0.23,-0.2,-0.2,Matches,Ghana
5,Salis Abdul Samed,MF,22.0,2.8,0,1,0,0.0,0.36,0.0,0.0,,26.9,0.0,0,0,0.0,0.0,0.02,0.0,0.0,Matches,Ghana
6,Kudus Mohammed,"FW,MF",21.0,2.7,2,8,4,50.0,2.91,1.46,0.25,0.5,21.8,0.0,0,0,0.8,0.8,0.1,1.2,1.2,Matches,Ghana
7,André Ayew,"MF,FW",32.0,2.2,1,1,1,100.0,0.45,0.45,1.0,1.0,17.3,0.0,0,1,1.1,0.4,0.36,-0.1,0.6,Matches,Ghana
8,Baba Rahman,DF,27.0,2.0,0,0,0,,0.0,0.0,,,,0.0,0,0,0.0,0.0,,0.0,0.0,Matches,Ghana
9,Alidu Seidu,DF,22.0,1.7,0,1,0,0.0,0.58,0.0,0.0,,31.9,0.0,0,0,0.0,0.0,0.01,0.0,0.0,Matches,Ghana
10,Jordan Ayew,FW,30.0,1.5,0,1,1,100.0,0.66,0.66,0.0,0.0,21.2,0.0,0,0,0.1,0.1,0.05,-0.1,-0.1,Matches,Ghana
11,Tariq Lamptey,DF,21.0,1.1,0,1,0,0.0,0.88,0.0,0.0,,15.8,0.0,0,0,0.1,0.1,0.06,-0.1,-0.1,Matches,Ghana
12,Alexander Djiku,"DF,FW",27.0,1.1,0,0,0,,0.0,0.0,,,,0.0,0,0,0.0,0.0,,0.0,0.0,Matches,Ghana
13,Gideon Mensah,DF,23.0,1.0,0,0,0,,0.0,0.0,,,,0.0,0,0,0.0,0.0,,0.0,0.0,Matches,Ghana
14,Osman Bukari,MF,23.0,0.7,1,3,1,33.3,4.58,1.53,0.33,1.0,17.6,0.0,0,0,0.5,0.5,0.17,0.5,0.5,Matches,Ghana
15,Kamaldeen Sulemana,FW,20.0,0.6,0,1,1,100.0,1.55,1.55,0.0,0.0,21.8,0.0,0,0,0.1,0.1,0.06,-0.1,-0.1,Matches,Ghana
16,Daniel Kyereh,"MF,DF",26.0,0.4,0,0,0,,0.0,0.0,,,,0.0,0,0,0.0,0.0,,0.0,0.0,Matches,Ghana
17,Antoine Semenyo,"FW,MF",22.0,0.2,0,1,0,0.0,4.5,0.0,0.0,,13.5,0.0,0,0,0.0,0.0,0.05,0.0,0.0,Matches,Ghana
18,Denis Odoi,DF,34.0,0.1,0,0,0,,0.0,0.0,,,,0.0,0,0,0.0,0.0,,0.0,0.0,Matches,Ghana
19,Abdul Fatawu Issahaku,FW,18.0,0.0,0,0,0,,0.0,0.0,,,,0.0,0,0,0.0,0.0,,0.0,0.0,Matches,Ghana
20,Squad Total,,25.5,3.0,5,25,9,36.0,8.33,3.0,0.2,0.56,19.0,0.0,0,1,4.1,3.4,0.14,0.9,1.6,,Ghana
21,Opponent Total,,27.4,3.0,7,44,16,36.4,14.67,5.33,0.14,0.38,17.7,2.0,1,1,5.6,4.8,0.11,1.4,1.2,,Ghana
0,Saud Abdulhamid,"DF,MF",22.0,3.0,0,1,0,0.0,0.33,0.0,0.0,,34.6,0.0,0,0,0.0,0.0,0.02,0.0,0.0,Matches,Saudi
1,Salem Al-Dawsari,MF,30.0,3.0,2,6,4,66.7,2.0,1.33,0.33,0.5,21.6,0.0,0,1,1.8,1.0,0.16,0.2,1.0,Matches,Saudi
2,Mohamed Kanno,"MF,FW",27.0,3.0,0,6,1,16.7,2.0,0.33,0.0,0.0,20.3,1.0,0,0,0.3,0.3,0.05,-0.3,-0.3,Matches,Saudi
3,Mohammed Al-Owais,GK,30.0,3.0,0,0,0,,0.0,0.0,,,,0.0,0,0,0.0,0.0,,0.0,0.0,Matches,Saudi
4,Firas Al-Buraikan,"MF,FW",22.0,3.0,0,2,0,0.0,0.67,0.0,0.0,,15.4,0.0,0,0,0.1,0.1,0.06,-0.1,-0.1,Matches,Saudi
5,Saleh Al-Shehri,FW,28.0,2.5,1,2,2,100.0,0.81,0.81,0.5,0.5,21.0,0.0,0,0,0.1,0.1,0.04,0.9,0.9,Matches,Saudi
6,Ali Al-Bulaihi,DF,32.0,2.4,0,0,0,,0.0,0.0,,,,0.0,0,0,0.0,0.0,,0.0,0.0,Matches,Saudi
7,Abdulelah Al-Amri,DF,25.0,2.0,0,1,0,0.0,0.49,0.0,0.0,,10.5,0.0,0,0,0.1,0.1,0.07,-0.1,-0.1,Matches,Saudi
8,Hassan Al Tambakti,DF,23.0,2.0,0,0,0,,0.0,0.0,,,,0.0,0,0,0.0,0.0,,0.0,0.0,Matches,Saudi
9,Abdulellah Al-Malki,MF,27.0,1.9,0,2,0,0.0,1.03,0.0,0.0,,21.1,0.0,0,0,0.1,0.1,0.06,-0.1,-0.1,Matches,Saudi
10,Sultan Al-Ghanam,"DF,MF",28.0,1.4,0,2,0,0.0,1.43,0.0,0.0,,7.6,0.0,0,0,0.2,0.2,0.08,-0.2,-0.2,Matches,Saudi
11,Yasser Al-Shahrani,DF,30.0,1.0,0,0,0,,0.0,0.0,,,,0.0,0,0,0.0,0.0,,0.0,0.0,Matches,Saudi
12,Mohammed Al-Breik,DF,29.0,0.7,0,2,1,50.0,2.77,1.38,0.0,0.0,20.4,0.0,0,0,0.4,0.0,0.01,-0.4,0.0,Matches,Saudi
13,Ali Al Hassan,MF,25.0,0.5,0,1,0,0.0,2.0,0.0,0.0,,10.4,0.0,0,0,0.1,0.1,0.07,-0.1,-0.1,Matches,Saudi
14,Sami Al-Najei,MF,25.0,0.5,0,0,0,,0.0,0.0,,,,0.0,0,0,0.0,0.0,,0.0,0.0,Matches,Saudi
15,Salman Al-Faraj,MF,32.0,0.5,0,0,0,,0.0,0.0,,,,0.0,0,0,0.0,0.0,,0.0,0.0,Matches,Saudi
16,Nawaf Al Abed,MF,32.0,1.0,0,2,0,0.0,2.05,0.0,0.0,,21.1,1.0,0,0,0.1,0.1,0.07,-0.1,-0.1,Matches,Saudi
17,Riyadh Sharahili,MF,29.0,0.6,0,0,0,,0.0,0.0,,,,0.0,0,0,0.0,0.0,,0.0,0.0,Matches,Saudi
18,Abdullah Madu,"DF,MF",28.0,0.5,0,0,0,,0.0,0.0,,,,0.0,0,0,0.0,0.0,,0.0,0.0,Matches,Saudi
19,Abdulrahman Al-Aboud,"MF,DF",27.0,0.4,0,1,0,0.0,2.57,0.0,0.0,,4.6,0.0,0,0,0.1,0.1,0.07,-0.1,-0.1,Matches,Saudi
20,Nasser Al-Dawsari,FW,23.0,0.1,0,0,0,,0.0,0.0,,,,0.0,0,0,0.0,0.0,,0.0,0.0,Matches,Saudi
21,Hattan Bahebri,MF,29.0,0.0,0,0,0,,0.0,0.0,,,,0.0,0,0,0.0,0.0,,0.0,0.0,Matches,Saudi
22,Asiri Haitham,FW,21.0,0.0,0,0,0,,0.0,0.0,,,,0.0,0,0,0.0,0.0,,0.0,0.0,Matches,Saudi
23,Squad Total,,27.3,3.0,3,28,8,28.6,9.33,2.67,0.11,0.38,18.7,2.0,0,1,3.0,2.1,0.08,0.0,0.9,,Saudi
24,Opponent Total,,28.2,3.0,5,49,18,36.7,16.33,6.0,0.08,0.22,18.7,6.0,1,1,6.0,5.2,0.11,-1.0,-1.2,,Saudi
0,Majid Hosseini,DF,25.0,3.0,0,0,0,,0.0,0.0,,,,0.0,0,0,0.0,0.0,,0.0,0.0,Matches,IR
1,Morteza Pouraliganji,DF,30.0,3.0,0,2,0,0.0,0.67,0.0,0.0,,16.8,0.0,0,0,0.1,0.1,0.04,-0.1,-0.1,Matches,IR
2,Mehdi Taremi,FW,29.0,3.0,2,5,1,20.0,1.67,0.33,0.2,1.0,16.0,0.0,1,1,1.3,0.6,0.11,0.7,0.4,Matches,IR
3,Ehsan Hajsafi,"MF,DF",32.0,2.6,0,1,0,0.0,0.38,0.0,0.0,,14.4,0.0,0,0,0.2,0.2,0.16,-0.2,-0.2,Matches,IR
4,Ahmad Nourollahi,MF,29.0,2.5,0,5,1,20.0,2.02,0.4,0.0,0.0,29.2,0.0,0,0,0.1,0.1,0.02,-0.1,-0.1,Matches,IR
5,Milad Mohammadi,DF,28.0,2.2,0,0,0,,0.0,0.0,,,,0.0,0,0,0.0,0.0,,0.0,0.0,Matches,IR
6,Saeid Ezatolahi,MF,25.0,2.4,0,3,1,33.3,1.24,0.41,0.0,0.0,29.4,0.0,0,0,0.1,0.1,0.03,-0.1,-0.1,Matches,IR
7,Ali Gholizadeh,"MF,FW",26.0,2.2,0,1,0,0.0,0.45,0.0,0.0,,26.2,0.0,0,0,0.0,0.0,0.03,0.0,0.0,Matches,IR
8,Ramin Rezaeian,DF,32.0,2.0,1,2,1,50.0,1.0,0.5,0.5,1.0,18.3,0.0,0,0,0.3,0.3,0.13,0.7,0.7,Matches,IR
9,Sardar Azmoun,FW,27.0,1.4,0,5,3,60.0,3.57,2.14,0.0,0.0,13.9,0.0,0,0,0.9,0.9,0.19,-0.9,-0.9,Matches,IR
10,Alireza Beiranvand,GK,29.0,1.2,0,0,0,,0.0,0.0,,,,0.0,0,0,0.0,0.0,,0.0,0.0,Matches,IR
11,Hossein Hosseini,GK,29.0,1.8,0,0,0,,0.0,0.0,,,,0.0,0,0,0.0,0.0,,0.0,0.0,Matches,IR
12,Ali Karimi,MF,28.0,1.1,0,0,0,,0.0,0.0,,,,0.0,0,0,0.0,0.0,,0.0,0.0,Matches,IR
13,Sadegh Moharrami,DF,26.0,1.0,0,0,0,,0.0,0.0,,,,0.0,0,0,0.0,0.0,,0.0,0.0,Matches,IR
14,Alireza Jahanbakhsh,MF,28.0,0.7,0,3,0,0.0,4.58,0.0,0.0,,22.9,0.0,0,0,0.2,0.2,0.06,-0.2,-0.2,Matches,IR
15,Roozbeh Cheshmi,"DF,MF",28.0,0.6,1,1,1,100.0,1.55,1.55,1.0,1.0,28.1,0.0,0,0,0.1,0.1,0.05,0.9,0.9,Matches,IR
16,Mehdi Torabi,MF,27.0,0.7,0,2,0,0.0,2.9,0.0,0.0,,19.6,0.0,0,0,0.1,0.1,0.06,-0.1,-0.1,Matches,IR
17,Saman Ghoddos,MF,28.0,0.5,0,1,0,0.0,2.0,0.0,0.0,,6.4,0.0,0,0,0.2,0.2,0.18,-0.2,-0.2,Matches,IR
18,Hossein Kanaanizadegan,DF,28.0,0.5,0,0,0,,0.0,0.0,,,,0.0,0,0,0.0,0.0,,0.0,0.0,Matches,IR
19,Karim Ansarifard,"FW,MF",32.0,0.4,0,1,0,0.0,2.57,0.0,0.0,,21.9,0.0,0,0,0.1,0.1,0.07,-0.1,-0.1,Matches,IR
20,Abolfazl Jalali,DF,23.0,0.2,0,0,0,,0.0,0.0,,,,0.0,0,0,0.0,0.0,,0.0,0.0,Matches,IR
21,Squad Total,,28.5,3.0,4,32,8,25.0,10.67,2.67,0.09,0.38,20.6,0.0,1,1,3.2,2.8,0.09,0.8,0.2,,IR
22,Opponent Total,,25.7,3.0,7,35,15,42.9,11.67,5.0,0.2,0.47,16.4,2.0,0,0,4.2,4.2,0.12,2.8,2.8,,IR
0,Óscar Duarte,DF,33.0,3.0,0,0,0,,0.0,0.0,,,,0.0,0,0,0.0,0.0,,0.0,0.0,Matches,Costa
1,Keylor Navas,GK,35.0,3.0,0,0,0,,0.0,0.0,,,,0.0,0,0,0.0,0.0,,0.0,0.0,Matches,Costa
2,Joel Campbell,"FW,MF",29.0,3.0,0,1,0,0.0,0.33,0.0,0.0,,21.1,0.0,0,0,0.0,0.0,0.01,0.0,0.0,Matches,Costa
3,Yeltsin Tejeda,MF,30.0,3.0,1,2,2,100.0,0.67,0.67,0.5,0.5,15.1,0.0,0,0,0.4,0.4,0.21,0.6,0.6,Matches,Costa
4,Bryan Oviedo,DF,32.0,2.9,0,0,0,,0.0,0.0,,,,0.0,0,0,0.0,0.0,,0.0,0.0,Matches,Costa
5,Keysher Fuller,"DF,MF",27.0,2.8,1,3,2,66.7,1.07,0.71,0.33,0.5,15.5,0.0,0,0,0.4,0.4,0.13,0.6,0.6,Matches,Costa
6,Celso Borges,MF,34.0,2.8,0,0,0,,0.0,0.0,,,,0.0,0,0,0.0,0.0,,0.0,0.0,Matches,Costa
7,Kendall Waston,DF,34.0,2.5,0,1,1,100.0,0.4,0.4,0.0,0.0,10.5,0.0,0,0,0.2,0.2,0.15,-0.2,-0.2,Matches,Costa
8,Francisco Calvo,DF,29.0,2.0,0,1,0,0.0,0.5,0.0,0.0,,28.8,0.0,0,0,0.0,0.0,0.01,0.0,0.0,Matches,Costa
9,Anthony Contreras,"FW,MF",22.0,1.4,0,0,0,,0.0,0.0,,,,0.0,0,0,0.0,0.0,,0.0,0.0,Matches,Costa
10,Jewison Bennette,MF,17.0,1.1,0,1,0,0.0,0.87,0.0,0.0,,28.6,0.0,0,0,0.0,0.0,0.04,0.0,0.0,Matches,Costa
11,Brandon Aguilera,MF,18.0,1.0,0,0,0,,0.0,0.0,,,,0.0,0,0,0.0,0.0,,0.0,0.0,Matches,Costa
12,Juan Pablo Vargas,DF,27.0,1.0,1,2,2,100.0,2.0,2.0,0.5,0.5,3.9,0.0,0,0,0.5,0.5,0.27,0.5,0.5,Matches,Costa
13,Johan Venegas,"FW,MF",33.0,0.8,0,0,0,,0.0,0.0,,,,0.0,0,0,0.0,0.0,,0.0,0.0,Matches,Costa
14,Gerson Torres,MF,24.0,0.7,0,1,0,0.0,1.41,0.0,0.0,,30.8,0.0,0,0,0.0,0.0,0.01,0.0,0.0,Matches,Costa
15,Carlos Martínez,DF,23.0,0.5,0,0,0,,0.0,0.0,,,,0.0,0,0,0.0,0.0,,0.0,0.0,Matches,Costa
16,Youstin Salas,"DF,MF",25.0,0.5,0,0,0,,0.0,0.0,,,,0.0,0,0,0.0,0.0,,0.0,0.0,Matches,Costa
17,Bryan Ruiz,MF,36.0,0.3,0,0,0,,0.0,0.0,,,,0.0,0,0,0.0,0.0,,0.0,0.0,Matches,Costa
18,Álvaro Zamora,MF,20.0,0.3,0,0,0,,0.0,0.0,,,,0.0,0,0,0.0,0.0,,0.0,0.0,Matches,Costa
19,Rónald Matarrita,"DF,MF",27.0,0.3,0,0,0,,0.0,0.0,,,,0.0,0,0,0.0,0.0,,0.0,0.0,Matches,Costa
20,Daniel Chacón,MF,21.0,0.0,0,0,0,,0.0,0.0,,,,0.0,0,0,0.0,0.0,,0.0,0.0,Matches,Costa
21,Roan Wilson,MF,20.0,0.0,0,0,0,,0.0,0.0,,,,0.0,0,0,0.0,0.0,,0.0,0.0,Matches,Costa
22,Squad Total,,29.7,3.0,3,12,7,58.3,4.0,2.33,0.25,0.43,17.0,0.0,0,0,1.4,1.4,0.13,1.6,1.6,,Costa
23,Opponent Total,,26.9,3.0,11,61,21,34.4,20.33,7.0,0.16,0.48,16.3,3.0,1,1,10.1,9.3,0.15,0.9,0.7,,Costa
0,Joachim Andersen,DF,26.0,3.0,0,4,1,25.0,1.33,0.33,0.0,0.0,18.1,0.0,0,0,0.1,0.1,0.02,-0.1,-0.1,Matches,Denmark
1,Andreas Christensen,DF,26.0,3.0,1,2,1,50.0,0.67,0.33,0.5,1.0,5.9,0.0,0,0,0.4,0.4,0.18,0.6,0.6,Matches,Denmark
2,Christian Eriksen,MF,30.0,3.0,0,4,1,25.0,1.33,0.33,0.0,0.0,27.2,0.0,0,0,0.2,0.2,0.04,-0.2,-0.2,Matches,Denmark
3,Pierre Højbjerg,MF,26.0,3.0,0,2,1,50.0,0.67,0.33,0.0,0.0,30.7,0.0,0,0,0.0,0.0,0.01,0.0,0.0,Matches,Denmark
4,Kasper Schmeichel,GK,35.0,3.0,0,0,0,,0.0,0.0,,,,0.0,0,0,0.0,0.0,,0.0,0.0,Matches,Denmark
5,Joakim Mæhle,DF,25.0,2.8,0,2,0,0.0,0.72,0.0,0.0,,28.9,0.0,0,0,0.0,0.0,0.02,0.0,0.0,Matches,Denmark
6,Rasmus Nissen,DF,24.0,2.5,0,0,0,,0.0,0.0,,,,0.0,0,0,0.0,0.0,,0.0,0.0,Matches,Denmark
7,Jesper Lindstrøm,"MF,FW",22.0,2.2,0,3,1,33.3,1.35,0.45,0.0,0.0,16.2,0.0,0,0,0.3,0.3,0.1,-0.3,-0.3,Matches,Denmark
8,Andreas Skov Olsen,"FW,MF",22.0,1.5,0,4,1,25.0,2.73,0.68,0.0,0.0,14.6,0.0,0,0,0.2,0.2,0.06,-0.2,-0.2,Matches,Denmark
9,Mikkel Damsgaard,"MF,FW",21.0,1.7,0,0,0,,0.0,0.0,,,,0.0,0,0,0.0,0.0,,0.0,0.0,Matches,Denmark
10,Kasper Dolberg,FW,24.0,1.3,0,3,1,33.3,2.37,0.79,0.0,0.0,8.6,0.0,0,0,0.4,0.4,0.13,-0.4,-0.4,Matches,Denmark
11,Martin Braithwaite,"FW,MF",31.0,1.1,0,1,0,0.0,0.87,0.0,0.0,,11.5,0.0,0,0,0.1,0.1,0.07,-0.1,-0.1,Matches,Denmark
12,Andreas Cornelius,FW,29.0,1.0,0,5,2,40.0,4.89,1.96,0.0,0.0,10.2,0.0,0,0,1.0,1.0,0.2,-1.0,-1.0,Matches,Denmark
13,Victor Nelsson,DF,23.0,1.0,0,0,0,,0.0,0.0,,,,0.0,0,0,0.0,0.0,,0.0,0.0,Matches,Denmark
14,Mathias Jensen,MF,26.0,0.9,0,2,1,50.0,2.14,1.07,0.0,0.0,17.9,0.0,0,0,0.1,0.1,0.05,-0.1,-0.1,Matches,Denmark
15,Simon Kjær,DF,33.0,0.7,0,0,0,,0.0,0.0,,,,0.0,0,0,0.0,0.0,,0.0,0.0,Matches,Denmark
16,Thomas Delaney,MF,30.0,0.5,0,0,0,,0.0,0.0,,,,0.0,0,0,0.0,0.0,,0.0,0.0,Matches,Denmark
17,Alexander Bah,DF,24.0,0.5,0,2,0,0.0,3.91,0.0,0.0,,19.3,0.0,0,0,0.1,0.1,0.03,-0.1,-0.1,Matches,Denmark
18,Robert Skov,DF,26.0,0.2,0,0,0,,0.0,0.0,,,,0.0,0,0,0.0,0.0,,0.0,0.0,Matches,Denmark
19,Christian Nørgaard,MF,28.0,0.1,0,0,0,,0.0,0.0,,,,0.0,0,0,0.0,0.0,,0.0,0.0,Matches,Denmark
20,Squad Total,,26.6,3.0,1,34,10,29.4,11.33,3.33,0.03,0.1,17.1,0.0,0,0,2.7,2.7,0.09,-1.7,-1.7,,Denmark
21,Opponent Total,,27.1,3.0,3,42,11,26.2,14.0,3.67,0.07,0.27,16.0,0.0,0,0,3.9,3.9,0.09,-0.9,-0.9,,Denmark
0,Nikola Milenković,DF,24.0,3.0,0,3,0,0.0,1.0,0.0,0.0,,14.7,0.0,0,0,0.2,0.2,0.06,-0.2,-0.2,Matches,Serbia
1,Vanja Milinković-Savić,GK,25.0,3.0,0,0,0,,0.0,0.0,,,,0.0,0,0,0.0,0.0,,0.0,0.0,Matches,Serbia
2,Aleksandar Mitrović,FW,27.0,2.9,2,10,3,30.0,3.44,1.03,0.2,0.67,14.1,0.0,0,0,1.6,1.6,0.16,0.4,0.4,Matches,Serbia
3,Dušan Tadić,"MF,FW",33.0,2.9,0,1,0,0.0,0.35,0.0,0.0,,13.3,0.0,0,0,0.1,0.1,0.08,-0.1,-0.1,Matches,Serbia
4,Saša Lukić,MF,25.0,2.7,0,1,0,0.0,0.37,0.0,0.0,,16.1,0.0,0,0,0.1,0.1,0.06,-0.1,-0.1,Matches,Serbia
5,Strahinja Pavlović,DF,21.0,2.6,1,2,1,50.0,0.77,0.38,0.5,1.0,10.0,0.0,0,0,0.2,0.2,0.08,0.8,0.8,Matches,Serbia
6,Sergej Milinković-Savić,MF,27.0,2.6,1,3,1,33.3,1.16,0.39,0.33,1.0,23.9,0.0,0,0,0.2,0.2,0.06,0.8,0.8,Matches,Serbia
7,Miloš Veljković,DF,26.0,2.5,0,0,0,,0.0,0.0,,,,0.0,0,0,0.0,0.0,,0.0,0.0,Matches,Serbia
8,Andrija Živković,DF,25.0,2.3,0,1,0,0.0,0.43,0.0,0.0,,24.4,0.0,0,0,0.1,0.1,0.06,-0.1,-0.1,Matches,Serbia
9,Filip Kostić,DF,29.0,2.0,0,1,0,0.0,0.5,0.0,0.0,,18.3,0.0,0,0,0.0,0.0,0.02,0.0,0.0,Matches,Serbia
10,Nemanja Maksimović,MF,27.0,1.4,0,0,0,,0.0,0.0,,,,0.0,0,0,0.0,0.0,,0.0,0.0,Matches,Serbia
11,Nemanja Gudelj,"MF,DF",30.0,1.0,0,0,0,,0.0,0.0,,,,0.0,0,0,0.0,0.0,,0.0,0.0,Matches,Serbia
12,Dušan Vlahović,FW,22.0,0.9,1,3,3,100.0,3.42,3.42,0.33,0.33,10.9,0.0,0,0,0.8,0.8,0.27,0.2,0.2,Matches,Serbia
13,Filip Mladenović,DF,30.0,0.7,0,1,0,0.0,1.38,0.0,0.0,,10.7,0.0,0,0,0.0,0.0,0.02,0.0,0.0,Matches,Serbia
14,Nemanja Radonjić,"DF,FW",26.0,0.7,0,2,0,0.0,3.0,0.0,0.0,,22.3,0.0,0,0,0.1,0.1,0.05,-0.1,-0.1,Matches,Serbia
15,Luka Jović,FW,24.0,0.4,0,2,0,0.0,5.0,0.0,0.0,,17.6,0.0,0,0,0.1,0.1,0.03,-0.1,-0.1,Matches,Serbia
16,Stefan Mitrović,DF,32.0,0.4,0,0,0,,0.0,0.0,,,,0.0,0,0,0.0,0.0,,0.0,0.0,Matches,Serbia
17,Ivan Ilić,MF,21.0,0.4,0,0,0,,0.0,0.0,,,,0.0,0,0,0.0,0.0,,0.0,0.0,Matches,Serbia
18,Darko Lazović,DF,31.0,0.3,0,1,0,0.0,3.6,0.0,0.0,,27.3,0.0,0,0,0.0,0.0,0.01,0.0,0.0,Matches,Serbia
19,Filip Đuričić,"MF,FW",30.0,0.2,0,0,0,,0.0,0.0,,,,0.0,0,0,0.0,0.0,,0.0,0.0,Matches,Serbia
20,Srđan Babić,DF,26.0,0.1,0,0,0,,0.0,0.0,,,,0.0,0,0,0.0,0.0,,0.0,0.0,Matches,Serbia
21,Marko Grujić,MF,26.0,0.1,0,1,1,100.0,6.92,6.92,0.0,0.0,29.6,0.0,0,0,0.0,0.0,0.04,0.0,0.0,Matches,Serbia
22,Squad Total,,26.5,3.0,5,32,9,28.1,10.67,3.0,0.16,0.56,16.5,0.0,0,0,3.4,3.4,0.11,1.6,1.6,,Serbia
23,Opponent Total,,27.8,3.0,8,50,24,48.0,16.67,8.0,0.16,0.33,18.6,4.0,0,0,7.3,7.3,0.15,0.7,0.7,,Serbia
0,Chris Mepham,DF,24.0,3.0,0,0,0,,0.0,0.0,,,,0.0,0,0,0.0,0.0,,0.0,0.0,Matches,Wales
1,Joe Rodon,DF,24.0,3.0,0,0,0,,0.0,0.0,,,,0.0,0,0,0.0,0.0,,0.0,0.0,Matches,Wales
2,Aaron Ramsey,MF,31.0,3.0,0,1,0,0.0,0.34,0.0,0.0,,18.0,0.0,0,0,0.0,0.0,0.04,0.0,0.0,Matches,Wales
3,Ethan Ampadu,"MF,DF",21.0,2.8,0,1,0,0.0,0.35,0.0,0.0,,32.4,0.0,0,0,0.0,0.0,0.04,0.0,0.0,Matches,Wales
4,Ben Davies,DF,29.0,2.6,0,3,2,66.7,1.13,0.76,0.0,0.0,12.1,0.0,0,0,0.3,0.3,0.12,-0.3,-0.3,Matches,Wales
5,Gareth Bale,FW,32.0,2.5,1,1,1,100.0,0.4,0.4,0.0,0.0,46.6,0.0,1,1,0.8,0.0,0.02,0.2,0.0,Matches,Wales
6,Neco Williams,DF,21.0,2.3,0,3,0,0.0,1.32,0.0,0.0,,26.5,0.0,0,0,0.1,0.1,0.03,-0.1,-0.1,Matches,Wales
7,Kieffer Moore,FW,29.0,2.5,0,6,2,33.3,2.4,0.8,0.0,0.0,16.2,0.0,0,0,1.0,1.0,0.17,-1.0,-1.0,Matches,Wales
8,Connor Roberts,DF,26.0,2.2,0,0,0,,0.0,0.0,,,,0.0,0,0,0.0,0.0,,0.0,0.0,Matches,Wales
9,Wayne Hennessey,GK,35.0,1.9,0,0,0,,0.0,0.0,,,,0.0,0,0,0.0,0.0,,0.0,0.0,Matches,Wales
10,Harry Wilson,"MF,FW",25.0,1.8,0,2,0,0.0,1.13,0.0,0.0,,20.9,1.0,0,0,0.1,0.1,0.05,-0.1,-0.1,Matches,Wales
11,Daniel James,"FW,MF",24.0,1.7,0,0,0,,0.0,0.0,,,,0.0,0,0,0.0,0.0,,0.0,0.0,Matches,Wales
12,Joe Allen,MF,32.0,1.0,0,2,0,0.0,1.91,0.0,0.0,,24.3,0.0,0,0,0.1,0.1,0.05,-0.1,-0.1,Matches,Wales
13,Danny Ward,GK,28.0,1.0,0,0,0,,0.0,0.0,,,,0.0,0,0,0.0,0.0,,0.0,0.0,Matches,Wales
14,Brennan Johnson,"FW,MF",21.0,1.0,0,3,1,33.3,2.97,0.99,0.0,0.0,14.6,0.0,0,0,0.2,0.2,0.07,-0.2,-0.2,Matches,Wales
15,Joe Morrell,MF,25.0,0.4,0,0,0,,0.0,0.0,,,,0.0,0,0,0.0,0.0,,0.0,0.0,Matches,Wales
16,Rubin Colwill,MF,20.0,0.1,0,1,0,0.0,9.0,0.0,0.0,,25.1,0.0,0,0,0.0,0.0,0.02,0.0,0.0,Matches,Wales
17,Sorba Thomas,MF,22.0,0.0,0,0,0,,0.0,0.0,,,,0.0,0,0,0.0,0.0,,0.0,0.0,Matches,Wales
18,Squad Total,,26.8,3.0,1,23,6,26.1,7.67,2.0,0.0,0.0,20.4,1.0,1,1,2.7,1.9,0.09,-1.7,-1.9,,Wales
19,Opponent Total,,26.6,3.0,6,45,14,31.1,15.0,4.67,0.13,0.43,18.2,1.0,0,0,4.6,4.6,0.11,1.4,1.4,,Wales
0,Milan Borjan,GK,34.0,3.0,0,0,0,,0.0,0.0,,,,0.0,0,0,0.0,0.0,,0.0,0.0,Matches,Canada
1,Alphonso Davies,"MF,DF",21.0,3.0,1,3,1,33.3,1.0,0.33,0.33,1.0,21.0,1.0,0,1,1.1,0.3,0.09,-0.1,0.7,Matches,Canada
2,Alistair Johnston,DF,23.0,3.0,0,2,1,50.0,0.67,0.33,0.0,0.0,8.5,0.0,0,0,0.8,0.8,0.4,-0.8,-0.8,Matches,Canada
3,Kamal Miller,DF,25.0,3.0,0,0,0,,0.0,0.0,,,,0.0,0,0,0.0,0.0,,0.0,0.0,Matches,Canada
4,Steven Vitória,DF,35.0,3.0,0,0,0,,0.0,0.0,,,,0.0,0,0,0.0,0.0,,0.0,0.0,Matches,Canada
5,Tajon Buchanan,"MF,DF",23.0,2.9,0,5,0,0.0,1.73,0.0,0.0,,15.0,0.0,0,0,0.9,0.9,0.19,-0.9,-0.9,Matches,Canada
6,Jonathan David,"FW,MF",22.0,2.1,0,8,1,12.5,3.75,0.47,0.0,0.0,14.1,0.0,0,0,1.0,0.7,0.09,-1.0,-0.7,Matches,Canada
7,Junior Hoilett,"FW,MF",32.0,1.8,0,4,0,0.0,2.24,0.0,0.0,,24.3,0.0,0,0,0.1,0.1,0.03,-0.1,-0.1,Matches,Canada
8,Richie Laryea,"DF,MF",27.0,1.8,0,2,0,0.0,1.13,0.0,0.0,,17.8,0.0,0,0,0.1,0.1,0.03,-0.1,-0.1,Matches,Canada
9,Atiba Hutchinson,MF,39.0,1.8,0,2,0,0.0,1.13,0.0,0.0,,16.8,0.0,0,0,0.1,0.1,0.06,-0.1,-0.1,Matches,Canada
10,Cyle Larin,FW,27.0,1.5,0,3,1,33.3,1.97,0.66,0.0,0.0,11.3,0.0,0,0,0.2,0.2,0.08,-0.2,-0.2,Matches,Canada
11,Stephen Eustáquio,MF,25.0,1.4,0,3,0,0.0,2.16,0.0,0.0,,19.8,0.0,0,0,0.2,0.2,0.06,-0.2,-0.2,Matches,Canada
12,Jonathan Osorio,"MF,FW",30.0,1.3,0,1,0,0.0,0.76,0.0,0.0,,23.7,0.0,0,0,0.1,0.1,0.06,-0.1,-0.1,Matches,Canada
13,Sam Adekugbe,DF,27.0,1.1,0,0,0,,0.0,0.0,,,,0.0,0,0,0.0,0.0,,0.0,0.0,Matches,Canada
14,Mark-Anthony Kaye,MF,27.0,0.7,0,1,0,0.0,1.53,0.0,0.0,,25.5,0.0,0,0,0.0,0.0,0.04,0.0,0.0,Matches,Canada
15,Ismaël Koné,"MF,DF",20.0,1.2,0,0,0,,0.0,0.0,,,,0.0,0,0,0.0,0.0,,0.0,0.0,Matches,Canada
16,Lucas Cavallini,FW,29.0,0.2,0,0,0,,0.0,0.0,,,,0.0,0,0,0.0,0.0,,0.0,0.0,Matches,Canada
17,David Wotherspoon,MF,32.0,0.2,0,0,0,,0.0,0.0,,,,0.0,0,0,0.0,0.0,,0.0,0.0,Matches,Canada
18,Liam Millar,DF,22.0,0.1,0,0,0,,0.0,0.0,,,,0.0,0,0,0.0,0.0,,0.0,0.0,Matches,Canada
19,Squad Total,,27.3,3.0,1,34,4,11.8,11.33,1.33,0.03,0.25,17.0,1.0,0,1,4.2,3.6,0.11,-3.2,-2.6,,Canada
20,Opponent Total,,28.1,3.0,7,28,15,53.6,9.33,5.0,0.25,0.47,17.0,1.0,0,0,3.9,3.9,0.14,3.1,3.1,,Canada
0,Akram Afif,FW,25.0,3.0,0,2,0,0.0,0.67,0.0,0.0,,29.8,0.0,0,0,0.0,0.0,0.02,0.0,0.0,Matches,Qatar
1,Abdelkarim Hassan,DF,28.0,3.0,0,6,0,0.0,2.0,0.0,0.0,,23.6,0.0,0,0,0.3,0.3,0.05,-0.3,-0.3,Matches,Qatar
2,Boualem Khoukhi,DF,31.0,3.0,0,0,0,,0.0,0.0,,,,0.0,0,0,0.0,0.0,,0.0,0.0,Matches,Qatar
3,Homam Ahmed,DF,22.0,2.9,0,0,0,,0.0,0.0,,,,0.0,0,0,0.0,0.0,,0.0,0.0,Matches,Qatar
4,Ró-Ró,DF,31.0,2.9,0,2,0,0.0,0.69,0.0,0.0,,23.0,0.0,0,0,0.1,0.1,0.03,-0.1,-0.1,Matches,Qatar
5,Almoez Ali,FW,25.0,2.5,0,3,1,33.3,1.21,0.4,0.0,0.0,16.4,0.0,0,0,0.4,0.4,0.12,-0.4,-0.4,Matches,Qatar
6,Hassan Al-Haydos,MF,31.0,2.3,0,1,1,100.0,0.44,0.44,0.0,0.0,29.2,0.0,0,0,0.0,0.0,0.01,0.0,0.0,Matches,Qatar
7,Abdulaziz Hatem,MF,31.0,2.2,0,1,1,100.0,0.46,0.46,0.0,0.0,27.4,0.0,0,0,0.0,0.0,0.02,0.0,0.0,Matches,Qatar
8,Karim Boudiaf,MF,31.0,2.1,0,0,0,,0.0,0.0,,,,0.0,0,0,0.0,0.0,,0.0,0.0,Matches,Qatar
9,Meshaal Barsham,GK,24.0,2.0,0,0,0,,0.0,0.0,,,,0.0,0,0,0.0,0.0,,0.0,0.0,Matches,Qatar
10,Ismail Mohamad,FW,32.0,1.9,0,2,2,100.0,1.03,1.03,0.0,0.0,,,0,0,,,,,,Matches,Qatar
11,Assim Madibo,MF,25.0,1.7,0,0,0,,0.0,0.0,,,,0.0,0,0,0.0,0.0,,0.0,0.0,Matches,Qatar
12,Bassam Al-Rawi,DF,24.0,1.0,0,0,0,,0.0,0.0,,,,0.0,0,0,0.0,0.0,,0.0,0.0,Matches,Qatar
13,Saad Al Sheeb,GK,32.0,1.0,0,0,0,,0.0,0.0,,,,0.0,0,0,0.0,0.0,,0.0,0.0,Matches,Qatar
14,Mohammed Muntari,"FW,MF",28.0,0.7,1,3,1,33.3,4.29,1.43,0.33,1.0,13.7,0.0,0,0,0.2,0.2,0.07,0.8,0.8,Matches,Qatar
15,Mohammed Waad,"MF,DF",22.0,0.3,0,0,0,,0.0,0.0,,,,0.0,0,0,0.0,0.0,,0.0,0.0,Matches,Qatar
16,Ali Assadalla,MF,29.0,0.3,0,0,0,,0.0,0.0,,,,0.0,0,0,0.0,0.0,,0.0,0.0,Matches,Qatar
17,Tarek Salman,DF,24.0,0.1,0,0,0,,0.0,0.0,,,,0.0,0,0,0.0,0.0,,0.0,0.0,Matches,Qatar
18,Ahmed Alaaeldin,FW,29.0,0.1,0,0,0,,0.0,0.0,,,,0.0,0,0,0.0,0.0,,0.0,0.0,Matches,Qatar
19,Musab Kheder,DF,28.0,0.1,0,0,0,,0.0,0.0,,,,0.0,0,0,0.0,0.0,,0.0,0.0,Matches,Qatar
20,Squad Total,,28.2,3.0,1,20,6,30.0,6.67,2.0,0.05,0.17,21.5,0.0,0,0,1.4,1.4,0.07,-0.4,-0.4,,Qatar
21,Opponent Total,,26.5,3.0,7,31,11,35.5,10.33,3.67,0.19,0.55,16.1,0.0,1,1,3.5,2.8,0.1,3.5,3.2,,Qatar
